City_ID,City,Country,Date,Lat,Lng,Max Temp,Humidity,Cloudiness,Wind Speed
0,Chatham,GB,2022-03-31 01:17:16,51.3789,0.5279,39.25,73,100,7.0
1,Bluff,NZ,2022-03-31 01:17:16,-46.6,168.3333,61.77,81,100,4.65
2,Saint George,US,2022-03-31 01:12:31,37.1041,-113.5841,70.63,27,0,12.66
3,Cape Town,ZA,2022-03-31 01:14:10,-33.9258,18.4232,61.12,87,100,5.68
4,Rikitea,PF,2022-03-31 01:17:16,-23.1203,-134.9692,77.79,78,100,17.47
5,Pevek,RU,2022-03-31 01:17:17,69.7008,170.3133,-9.76,92,69,1.61
6,Qaanaaq,GL,2022-03-31 01:17:17,77.484,-69.3632,13.17,74,97,7.0
7,Puerto Ayora,EC,2022-03-31 01:17:17,-0.7393,-90.3518,78.55,95,100,4.43
8,Benguela,AO,2022-03-31 01:17:18,-12.5763,13.4055,77.79,85,100,3.29
9,Jamestown,US,2022-03-31 01:15:23,42.097,-79.2353,53.19,34,0,17.27
10,Hermanus,ZA,2022-03-31 01:17:18,-34.4187,19.2345,62.17,82,100,2.44
11,Valle Del Guamuez,CO,2022-03-31 01:17:18,0.4525,-76.9192,70.9,96,100,2.53
12,Butaritari,KI,2022-03-31 01:17:19,3.0707,172.7902,80.98,70,1,8.55
13,Tuburan,PH,2022-03-31 01:17:19,6.6439,122.2736,82.94,71,12,2.84
14,Hami,CN,2022-03-31 01:17:19,42.8,93.45,41.85,30,0,14.43
15,Hilo,US,2022-03-31 01:12:44,19.7297,-155.09,80.33,77,40,11.5
16,Cuxhaven,DE,2022-03-31 01:17:20,53.8718,8.6909,33.96,100,75,13.8
17,West Bay,KY,2022-03-31 01:17:20,19.3667,-81.4167,80.67,79,20,11.5
18,Mataura,NZ,2022-03-31 01:17:21,-46.1927,168.8643,70.0,49,97,3.2
19,Bethel,US,2022-03-31 01:17:21,41.3712,-73.414,39.56,57,0,5.75
20,Sabang,ID,2022-03-31 01:17:21,5.8933,95.3214,81.81,74,95,10.67
21,Monterey,US,2022-03-31 01:16:48,36.2505,-121.2516,60.17,1,18,13.2
22,Busselton,AU,2022-03-31 01:17:22,-33.65,115.3333,71.98,64,49,16.75
23,Solnechnyy,RU,2022-03-31 01:17:22,50.7214,136.6319,27.32,77,99,2.62
24,Mbandaka,CD,2022-03-31 01:17:22,0.0487,18.2603,71.76,85,84,3.76
25,Sinnamary,GF,2022-03-31 01:17:23,5.3833,-52.95,76.32,81,100,7.78
26,Kapaa,US,2022-03-31 01:17:23,22.0752,-159.319,81.19,74,40,11.5
27,Tura,IN,2022-03-31 01:17:23,25.5198,90.2201,69.37,82,93,3.29
28,Nome,US,2022-03-31 01:17:24,64.5011,-165.4064,37.11,69,0,16.11
29,Gornyy,RU,2022-03-31 01:17:24,55.1153,83.9059,32.49,97,100,20.8
30,Sobolevo,RU,2022-03-31 01:17:24,54.4299,31.8996,30.09,95,100,5.28
31,Takoradi,GH,2022-03-31 01:17:25,4.8845,-1.7554,80.58,88,57,8.03
32,Pasni,PK,2022-03-31 01:17:25,25.2631,63.471,76.77,28,0,14.34
33,Hanna,CA,2022-03-31 01:17:25,51.6334,-111.9018,56.86,28,100,1.99
34,Altay,CN,2022-03-31 01:17:26,47.8667,88.1167,20.75,60,0,7.47
35,Figeac,FR,2022-03-31 01:17:26,44.75,1.9167,46.78,98,100,4.07
36,Nanortalik,GL,2022-03-31 01:17:26,60.1432,-45.2371,34.65,83,100,2.89
37,Hithadhoo,MV,2022-03-31 01:17:27,-0.6,73.0833,82.36,70,9,5.97
38,Caravelas,BR,2022-03-31 01:14:35,-17.7125,-39.2481,75.38,81,0,4.5
39,San Cristobal,VE,2022-03-31 01:14:49,7.7669,-72.225,68.18,64,99,1.36
40,Beringovskiy,RU,2022-03-31 01:17:27,63.05,179.3167,-1.75,86,94,15.23
41,Ponta Do Sol,PT,2022-03-31 01:17:28,32.6667,-17.1,65.07,77,2,3.22
42,Hobart,AU,2022-03-31 01:17:28,-42.8794,147.3294,58.26,70,75,18.41
43,Ilulissat,GL,2022-03-31 01:17:28,69.2167,-51.1,19.42,93,100,5.75
44,Anloga,GH,2022-03-31 01:17:29,5.7947,0.8973,82.31,84,99,12.24
45,Anzio,IT,2022-03-31 01:17:29,41.4853,12.6179,59.7,83,97,19.3
46,Mazagao,BR,2022-03-31 01:17:29,-0.115,-51.2894,75.25,98,100,2.08
47,Norman Wells,CA,2022-03-31 01:16:27,65.282,-126.8329,1.44,71,100,18.41
48,Avarua,CK,2022-03-31 01:18:30,-21.2078,-159.775,84.25,74,20,9.22
49,Albany,US,2022-03-31 01:18:30,42.6001,-73.9662,40.17,36,100,5.39
50,Esperance,AU,2022-03-31 01:18:30,-33.8667,121.9,67.8,70,99,15.84
51,Sal Rei,CV,2022-03-31 01:18:31,16.1833,-22.9167,68.83,79,2,19.69
52,Barrow,US,2022-03-31 01:18:31,71.2906,-156.7887,-0.38,71,0,18.41
53,Ushuaia,AR,2022-03-31 01:16:05,-54.8,-68.3,46.06,81,75,9.22
54,Hwange,ZW,2022-03-31 01:18:32,-18.3693,26.5019,65.34,94,2,1.68
55,Tiksi,RU,2022-03-31 01:18:32,71.6872,128.8694,-10.23,98,72,3.51
56,Olafsvik,IS,2022-03-31 01:18:32,64.8945,-23.7142,37.76,77,84,7.34
57,Biak,ID,2022-03-31 01:18:33,-0.9131,122.8766,82.47,65,85,1.21
58,Cabo San Lucas,MX,2022-03-31 01:16:45,22.8909,-109.9124,72.7,67,20,5.75
59,Iquique,CL,2022-03-31 01:18:33,-20.2208,-70.1431,64.44,73,0,1.59
60,Port Alfred,ZA,2022-03-31 01:18:33,-33.5906,26.891,65.17,77,100,5.26
61,Beipiao,CN,2022-03-31 01:18:34,41.7919,120.7792,41.54,26,100,8.37
62,Georgetown,MY,2022-03-31 01:16:13,5.4112,100.3354,85.93,81,20,4.61
63,Ballina,AU,2022-03-31 01:18:34,-28.8667,153.5667,76.01,84,100,21.32
64,Talnakh,RU,2022-03-31 01:18:34,69.4865,88.3972,29.21,90,100,10.83
65,Iqaluit,CA,2022-03-31 01:18:35,63.7506,-68.5145,26.33,93,100,13.8
66,Port Elizabeth,ZA,2022-03-31 01:18:35,-33.918,25.5701,63.32,74,0,4.61
67,Bedele,ET,2022-03-31 01:18:35,8.456,36.353,65.35,49,100,2.26
68,New Norfolk,AU,2022-03-31 01:18:36,-42.7826,147.0587,57.92,55,100,1.99
69,Narsaq,GL,2022-03-31 01:18:36,60.9167,-46.05,48.42,78,100,4.09
70,Kyshtovka,RU,2022-03-31 01:18:36,56.555,76.6271,35.02,90,100,21.32
71,Ust-Omchug,RU,2022-03-31 01:18:37,61.15,149.6333,9.91,81,100,7.43
72,Stornoway,GB,2022-03-31 01:17:21,58.2093,-6.3865,35.56,87,63,17.27
73,Sahaspur,IN,2022-03-31 01:18:37,29.1333,78.6167,70.61,14,0,6.11
74,Kamenka,RU,2022-03-31 01:18:38,51.3223,42.7678,35.64,99,99,3.78
75,Namibe,AO,2022-03-31 01:18:38,-15.1961,12.1522,69.55,80,12,5.84
76,Trat,TH,2022-03-31 01:18:38,12.5,102.5,81.91,74,3,2.1
77,Asau,RO,2022-03-31 01:18:38,46.4333,26.4,50.95,48,100,3.49
78,Sao Mateus Do Sul,BR,2022-03-31 01:18:39,-25.8742,-50.3828,60.82,99,83,2.64
79,Lukulu,ZM,2022-03-31 01:18:39,-14.3707,23.242,64.4,98,100,3.76
80,Xining,CN,2022-03-31 01:18:39,36.6167,101.7667,36.39,39,100,3.53
81,Souillac,MU,2022-03-31 01:18:40,-20.5167,57.5167,75.58,94,75,14.97
82,Staryy Nadym,RU,2022-03-31 01:18:40,65.6118,72.6842,8.96,83,43,20.76
83,Batemans Bay,AU,2022-03-31 01:18:40,-35.7167,150.1833,65.1,87,100,17.83
84,Los Llanos De Aridane,ES,2022-03-31 01:18:41,28.6585,-17.9182,58.75,78,0,8.05
85,College,US,2022-03-31 01:18:41,64.8569,-147.8028,30.15,43,20,8.05
86,Oktyabrskoye,RU,2022-03-31 01:18:41,43.0645,44.7417,28.54,86,18,4.47
87,Charlestown,AU,2022-03-31 01:18:42,-32.95,151.6667,70.02,86,54,15.99
88,Lashio,MM,2022-03-31 01:18:42,22.9333,97.75,73.18,47,8,1.07
89,Palauig,PH,2022-03-31 01:18:42,15.435,119.9045,86.47,56,61,2.13
90,Russell,US,2022-03-31 01:15:26,32.3502,-85.1999,74.97,59,0,16.11
91,Saint-Philippe,RE,2022-03-31 01:18:43,-21.3585,55.7679,76.59,77,95,15.17
92,Alexandria,EG,2022-03-31 01:18:43,31.2156,29.9553,57.49,51,31,6.98
93,Taltal,CL,2022-03-31 01:18:44,-25.4,-70.4833,62.96,79,22,2.57
94,Kodiak,US,2022-03-31 01:19:44,57.79,-152.4072,38.71,93,100,12.66
95,Ketrzyn,PL,2022-03-31 01:19:44,54.0768,21.3753,26.85,64,100,5.55
96,Shimoda,JP,2022-03-31 01:19:45,34.6667,138.95,71.1,77,0,17.52
97,Rocha,UY,2022-03-31 01:15:11,-34.4833,-54.3333,56.5,54,98,13.8
98,Mzimba,MW,2022-03-31 01:19:45,-11.9,33.6,63.03,97,100,5.77
99,Kruisfontein,ZA,2022-03-31 01:19:45,-34.0033,24.7314,58.89,80,100,3.51
100,Hasaki,JP,2022-03-31 01:19:46,35.7333,140.8333,68.4,74,4,16.89
101,Dikson,RU,2022-03-31 01:19:46,73.5069,80.5464,22.17,88,100,10.4
102,Vaini,TO,2022-03-31 01:19:46,-21.2,-175.2,84.36,79,75,9.22
103,San Policarpo,PH,2022-03-31 01:19:47,12.1791,125.5072,81.86,82,75,9.71
104,Rio Gallegos,AR,2022-03-31 01:16:30,-51.6226,-69.2181,46.45,61,0,6.91
105,Severo-Kurilsk,RU,2022-03-31 01:19:47,50.6789,156.125,30.67,76,45,10.25
106,Tual,ID,2022-03-31 01:19:47,-5.6667,132.75,79.79,78,100,5.57
107,Zhigansk,RU,2022-03-31 01:19:48,66.7697,123.3711,-5.89,89,68,3.85
108,Khatanga,RU,2022-03-31 01:19:48,71.9667,102.5,12.49,96,92,5.97
109,Ribeira Grande,PT,2022-03-31 01:19:48,38.5167,-28.7,61.34,90,100,4.79
110,Teruel,ES,2022-03-31 01:19:49,40.6667,-0.6667,34.47,86,100,13.09
111,Waipawa,NZ,2022-03-31 01:19:49,-41.4122,175.5153,66.83,68,6,7.63
112,Atuona,PF,2022-03-31 01:19:49,-9.8,-139.0333,79.02,72,36,12.66
113,Itupiranga,BR,2022-03-31 01:19:50,-5.1347,-49.3267,73.38,98,100,4.09
114,Port-Gentil,GA,2022-03-31 01:19:50,-0.7193,8.7815,80.33,82,83,10.29
115,Chuy,UY,2022-03-31 01:19:50,-33.6971,-53.4616,52.83,54,17,9.57
116,Odweyne,SO,2022-03-31 01:19:51,9.4092,45.064,66.51,32,44,4.9
117,Nerchinskiy Zavod,RU,2022-03-31 01:19:51,51.3088,119.61,26.44,40,0,5.84
118,Farmington,US,2022-03-31 01:19:51,36.7281,-108.2187,56.08,28,20,20.71
119,Moose Factory,CA,2022-03-31 01:19:52,51.2585,-80.6094,28.4,93,100,16.11
120,Taga,RO,2022-03-31 01:19:52,46.95,24.05,48.52,60,97,1.79
121,Qasigiannguit,GL,2022-03-31 01:19:52,68.8193,-51.1922,19.65,99,95,2.98
122,San Patricio,US,2022-03-31 01:19:53,28.017,-97.5169,81.91,22,0,9.35
123,Victoria,HK,2022-03-31 01:19:49,22.2855,114.1577,80.96,79,1,1.01
124,Natal,BR,2022-03-31 01:15:13,-5.795,-35.2094,77.65,94,75,4.61
125,Donnacona,CA,2022-03-31 01:19:53,46.6804,-71.7239,32.31,69,100,1.14
126,Yellowknife,CA,2022-03-31 01:19:54,62.456,-114.3525,21.42,57,100,9.22
127,Hereford,GB,2022-03-31 01:17:19,52.0568,-2.7148,38.05,89,100,11.07
128,Gushikawa,JP,2022-03-31 01:19:54,26.3544,127.8686,74.43,96,100,5.75
129,Cejkovice,CZ,2022-03-31 01:19:54,48.9059,16.9423,49.08,90,99,6.22
130,Punta Arenas,CL,2022-03-31 01:19:55,-53.15,-70.9167,50.11,57,75,14.97
131,Kavieng,PG,2022-03-31 01:19:55,-2.5744,150.7967,83.41,76,93,13.27
132,Rawson,AR,2022-03-31 01:19:55,-43.3002,-65.1023,52.05,59,40,4.92
133,Moree,AU,2022-03-31 01:19:56,-29.4667,149.85,80.62,47,100,13.8
134,Thompson,CA,2022-03-31 01:15:14,55.7435,-97.8558,32.16,40,75,2.3
135,Khani,GE,2022-03-31 01:19:56,41.9563,42.9566,36.97,88,77,7.96
136,Upernavik,GL,2022-03-31 01:19:56,72.7868,-56.1549,12.74,86,46,6.64
137,Taywarah,AF,2022-03-31 01:19:57,33.35,64.4167,37.62,20,0,3.27
138,Torbay,CA,2022-03-31 01:19:57,47.6666,-52.7314,33.58,86,75,24.16
139,Tromso,NO,2022-03-31 01:19:57,69.6496,18.957,24.82,80,75,5.75
140,Posyet,RU,2022-03-31 01:20:58,42.6508,130.8046,40.66,33,2,9.86
141,Mecca,SA,2022-03-31 01:20:58,21.4267,39.8261,76.26,36,0,3.83
142,Tomaszow Lubelski,PL,2022-03-31 01:20:58,50.4477,23.4162,42.64,91,100,8.14
143,Chokurdakh,RU,2022-03-31 01:20:59,70.6333,147.9167,-6.56,95,25,3.69
144,Omboue,GA,2022-03-31 01:20:59,-1.5746,9.2618,76.87,91,94,4.99
145,Port-Cartier,CA,2022-03-31 01:20:59,50.0334,-66.8654,35.82,82,9,8.61
146,Nikolskoye,RU,2022-03-31 01:21:00,59.7035,30.7861,24.8,91,26,7.2
147,Bulgan,MN,2022-03-31 01:21:00,48.8125,103.5347,27.88,42,100,2.64
148,Kralendijk,BQ,2022-03-31 01:21:00,12.15,-68.2667,78.62,78,62,20.31
149,Palmer,US,2022-03-31 01:21:01,42.1584,-72.3287,42.4,29,100,12.66
150,Tasiilaq,GL,2022-03-31 01:21:01,65.6145,-37.6368,33.96,98,100,11.63
151,Christchurch,NZ,2022-03-31 01:20:05,-43.5333,172.6333,70.32,81,100,17.27
152,Hit,IQ,2022-03-31 01:21:01,33.6416,42.8251,63.5,32,4,6.11
153,Launceston,AU,2022-03-31 01:21:02,-41.45,147.1667,61.34,50,100,20.71
154,Mahebourg,MU,2022-03-31 01:21:02,-20.4081,57.7,78.26,94,75,14.97
155,Mehamn,NO,2022-03-31 01:21:03,71.0357,27.8492,24.46,78,100,17.47
156,Evensk,RU,2022-03-31 01:21:03,61.95,159.2333,21.04,67,100,10.42
157,Saskylakh,RU,2022-03-31 01:21:03,71.9167,114.0833,-2.18,96,100,7.05
158,Vardo,NO,2022-03-31 01:21:04,70.3705,31.1107,27.84,67,100,20.94
159,Lom,BG,2022-03-31 01:21:04,43.8139,23.2361,55.67,55,100,3.44
160,Vao,NC,2022-03-31 01:21:04,-22.6667,167.4833,79.21,85,1,19.19
161,Geraldton,AU,2022-03-31 01:19:38,-28.7667,114.6,84.61,58,100,17.27
162,Vila Franca Do Campo,PT,2022-03-31 01:21:05,37.7167,-25.4333,57.61,86,77,3.06
163,Carnarvon,AU,2022-03-31 01:21:05,-24.8667,113.6333,76.75,75,100,10.51
164,Lebu,CL,2022-03-31 01:21:05,-37.6167,-73.65,53.38,80,0,22.82
165,Bambous Virieux,MU,2022-03-31 01:21:06,-20.3428,57.7575,78.22,94,75,14.97
166,Longyearbyen,SJ,2022-03-31 01:21:06,78.2186,15.6401,6.64,66,0,3.44
167,Mar Del Plata,AR,2022-03-31 01:17:46,-38.0023,-57.5575,50.88,82,40,8.01
168,Port Lincoln,AU,2022-03-31 01:21:07,-34.7333,135.8667,63.52,60,97,20.67
169,Shancheng,CN,2022-03-31 01:21:07,34.7953,116.0817,52.18,47,100,10.87
170,Bimbo,CF,2022-03-31 01:21:07,4.2567,18.4158,82.33,74,11,0.0
171,Katsuura,JP,2022-03-31 01:21:08,35.1333,140.3,63.72,79,13,20.31
172,Trinidad,BO,2022-03-31 01:21:08,-14.8333,-64.9,74.53,98,76,3.98
173,Mao,ES,2022-03-31 01:21:08,39.8885,4.2658,52.36,93,75,2.3
174,Puerto Ayacucho,VE,2022-03-31 01:21:09,5.6639,-67.6236,80.22,62,50,3.36
175,Kavaratti,IN,2022-03-31 01:21:09,10.5669,72.642,82.83,75,30,3.13
176,Igarka,RU,2022-03-31 01:21:09,67.4667,86.5833,26.64,95,100,22.79
177,Novyy Urengoy,RU,2022-03-31 01:21:10,66.0833,76.6333,16.75,88,100,24.27
178,Myskhako,RU,2022-03-31 01:21:10,44.6714,37.7433,47.98,90,15,8.7
179,Churapcha,RU,2022-03-31 01:21:10,62.0025,132.4325,14.45,84,99,8.19
180,Sidi Ali,DZ,2022-03-31 01:21:11,36.0998,0.4206,55.89,75,78,19.3
181,Portland,US,2022-03-31 01:16:31,45.5234,-122.6762,57.99,53,75,11.5
182,North Bend,US,2022-03-31 01:19:37,43.4065,-124.2243,56.25,79,75,11.5
183,Magdagachi,RU,2022-03-31 01:21:11,53.45,125.8,27.34,50,68,11.16
184,Misratah,LY,2022-03-31 01:21:12,32.3754,15.0925,70.0,37,100,19.86
185,Ostrovnoy,RU,2022-03-31 01:22:12,68.0531,39.5131,10.47,91,100,3.62
186,Sao Jose Da Coroa Grande,BR,2022-03-31 01:22:13,-8.8978,-35.1478,78.46,82,100,3.89
187,Yuncheng,CN,2022-03-31 01:22:13,35.0231,110.9928,59.61,51,100,2.13
188,Rockport,US,2022-03-31 01:22:13,28.0206,-97.0544,82.08,26,0,6.91
189,Kirakira,SB,2022-03-31 01:22:14,-10.4544,161.9205,84.2,77,90,3.58
190,Aklavik,CA,2022-03-31 01:22:14,68.2191,-135.0107,-9.09,88,100,15.39
191,Vestmannaeyjar,IS,2022-03-31 01:22:14,63.4427,-20.2734,37.8,66,83,4.92
192,Lloydminster,CA,2022-03-31 01:22:15,53.2835,-110.0016,44.82,57,75,10.36
193,Kuching,MY,2022-03-31 01:22:15,1.55,110.3333,82.62,83,20,4.61
194,Otane,NZ,2022-03-31 01:22:15,-39.8833,176.6333,69.01,71,24,4.38
195,Ahipara,NZ,2022-03-31 01:22:16,-35.1667,173.1667,73.62,59,20,3.44
196,Vila Praia De Ancora,PT,2022-03-31 01:22:16,41.811,-8.8526,53.11,87,100,7.92
197,Cabedelo,BR,2022-03-31 01:22:16,-6.9811,-34.8339,79.47,74,100,10.09
198,Horki,BY,2022-03-31 01:22:17,54.2861,30.9842,29.93,98,100,2.51
199,Malanville,BJ,2022-03-31 01:22:17,11.8685,3.3899,80.87,9,41,5.12
200,Premia De Mar,ES,2022-03-31 01:22:18,41.4921,2.3652,56.14,92,100,1.01
201,Guerrero Negro,MX,2022-03-31 01:22:18,27.9769,-114.0611,61.63,72,0,19.93
202,Sitka,US,2022-03-31 01:20:57,57.0531,-135.33,42.69,81,100,10.36
203,Taree,AU,2022-03-31 01:22:18,-31.9,152.4667,72.1,94,100,10.36
204,Lalibela,ET,2022-03-31 01:22:19,12.0333,39.0333,59.18,38,4,6.78
205,Zhangye,CN,2022-03-31 01:22:19,38.9342,100.4517,45.12,26,100,4.23
206,Tessalit,ML,2022-03-31 01:22:19,20.1986,1.0114,79.21,4,78,10.25
207,Inuvik,CA,2022-03-31 01:22:20,68.3499,-133.7218,-12.24,64,75,8.05
208,Juneau,US,2022-03-31 01:18:33,58.3019,-134.4197,39.22,96,100,17.27
209,Sistranda,NO,2022-03-31 01:22:20,63.7256,8.834,28.36,60,100,16.96
210,Lompoc,US,2022-03-31 01:22:20,34.6391,-120.4579,65.79,79,100,21.85
211,Kysyl-Syr,RU,2022-03-31 01:22:21,63.8986,122.7617,10.83,90,99,3.24
212,Carutapera,BR,2022-03-31 01:22:21,-1.195,-46.02,73.96,96,100,4.27
213,Asfi,MA,2022-03-31 01:22:22,32.2994,-9.2372,58.05,80,0,5.64
214,Praia,CV,2022-03-31 01:22:22,14.9215,-23.5087,70.34,73,75,14.97
215,Sabzevar,IR,2022-03-31 01:22:22,36.2126,57.6819,52.77,32,5,1.92
216,Brae,GB,2022-03-31 01:22:22,60.3964,-1.353,37.76,62,97,18.59
217,Nshamba,TZ,2022-03-31 01:22:23,-1.7983,31.5511,60.62,92,99,4.72
218,Jinchang,CN,2022-03-31 01:22:23,38.4953,102.1739,44.85,27,100,3.49
219,Keti Bandar,PK,2022-03-31 01:22:23,24.1447,67.4497,76.68,73,0,4.68
220,Alyangula,AU,2022-03-31 01:22:24,-13.8483,136.4192,84.38,56,5,8.03
221,Arraial Do Cabo,BR,2022-03-31 01:22:24,-22.9661,-42.0278,76.96,88,0,6.91
222,Sorland,NO,2022-03-31 01:22:24,67.667,12.6934,33.37,68,100,21.85
223,Pontianak,ID,2022-03-31 01:22:25,-0.0333,109.3333,80.58,88,20,2.42
224,Trincomalee,LK,2022-03-31 01:22:25,8.5711,81.2335,78.6,81,7,3.09
225,Port Keats,AU,2022-03-31 01:22:25,-14.25,129.55,88.83,53,100,5.91
226,Port Blair,IN,2022-03-31 01:22:26,11.6667,92.75,78.84,89,40,1.14
227,Tukrah,LY,2022-03-31 01:22:26,32.5341,20.5791,65.59,37,8,16.46
228,Gummidipundi,IN,2022-03-31 01:22:26,13.4,80.15,84.2,91,15,13.51
229,East London,ZA,2022-03-31 01:19:35,-33.0153,27.9116,69.75,84,100,8.05
230,Erzin,TR,2022-03-31 01:22:27,36.9559,36.2,54.19,62,0,4.0
231,Tuatapere,NZ,2022-03-31 01:23:27,-46.1333,167.6833,67.89,55,100,1.32
232,Necochea,AR,2022-03-31 01:23:28,-38.5473,-58.7368,55.67,55,100,18.68
233,Tuktoyaktuk,CA,2022-03-31 01:23:28,69.4541,-133.0374,-14.8,70,75,10.36
234,South Sioux City,US,2022-03-31 01:22:52,42.4739,-96.4136,33.75,79,100,24.16
235,Saldanha,ZA,2022-03-31 01:23:28,-33.0117,17.9442,55.45,87,49,9.35
236,Kutiyana,IN,2022-03-31 01:23:29,21.6233,69.9817,72.52,76,0,4.27
237,Faanui,PF,2022-03-31 01:23:29,-16.4833,-151.75,82.6,69,14,14.23
238,Bredasdorp,ZA,2022-03-31 01:23:29,-34.5322,20.0403,60.4,80,100,3.6
239,Karratha,AU,2022-03-31 01:23:30,-20.7377,116.8463,86.92,61,99,9.35
240,Bilma,NE,2022-03-31 01:23:30,18.6853,12.9164,71.82,5,31,7.05
241,Mana,GF,2022-03-31 01:23:30,5.6592,-53.7767,75.79,81,92,7.25
242,Yarada,IN,2022-03-31 01:23:31,17.65,83.2667,82.72,83,20,6.91
243,Shaowu,CN,2022-03-31 01:23:31,27.3409,117.4831,67.01,98,100,1.74
244,Akom,CM,2022-03-31 01:23:31,2.6678,12.7109,68.81,87,99,2.44
245,Conakry,GN,2022-03-31 01:23:32,9.538,-13.6773,77.85,83,0,4.61
246,Cadillac,US,2022-03-31 01:19:41,44.2519,-85.4012,41.79,93,100,0.0
247,Berlevag,NO,2022-03-31 01:23:32,70.8578,29.0864,24.6,71,100,18.84
248,Arman,RU,2022-03-31 01:23:32,59.7,150.1667,25.02,62,43,7.31
249,Tolbazy,RU,2022-03-31 01:23:33,54.0241,55.8825,30.29,99,100,6.33
250,Aleksandrovsk-Sakhalinskiy,RU,2022-03-31 01:23:33,50.8975,142.1561,27.73,74,76,6.73
251,Tazmalt,DZ,2022-03-31 01:23:33,36.3868,4.3989,54.72,87,89,6.33
252,Portobelo,PA,2022-03-31 01:23:34,9.55,-79.65,79.72,89,68,12.01
253,Sola,VU,2022-03-31 01:23:34,-13.8833,167.55,82.74,73,67,6.11
254,Hervey Bay,AU,2022-03-31 01:23:34,-25.2986,152.8535,77.74,60,11,2.57
255,Castro,BR,2022-03-31 01:23:35,-24.7911,-50.0119,64.98,93,100,2.84
256,Laguna,US,2022-03-31 01:23:35,38.421,-121.4238,64.06,67,75,1.01
257,Pringsewu,ID,2022-03-31 01:23:35,-5.3582,104.9744,77.99,87,85,1.19
258,Soyo,AO,2022-03-31 01:23:36,-6.1349,12.3689,78.26,89,80,8.79
259,Pisco,PE,2022-03-31 01:23:36,-13.7,-76.2167,66.25,77,0,17.27
260,Namatanai,PG,2022-03-31 01:23:36,-3.6667,152.4333,86.14,68,16,2.13
261,La Ronge,CA,2022-03-31 01:23:37,55.1001,-105.2842,46.62,33,75,9.22
262,Yinchuan,CN,2022-03-31 01:23:37,38.4681,106.2731,45.75,23,100,3.56
263,Majene,ID,2022-03-31 01:23:37,-3.5403,118.9707,79.97,78,86,2.04
264,Tokur,RU,2022-03-31 01:23:38,53.1333,132.9,19.27,85,100,2.04
265,Kabinda,CD,2022-03-31 01:23:38,-6.1333,24.4833,65.98,89,99,3.02
266,Burgeo,CA,2022-03-31 01:21:34,47.6167,-57.6152,34.12,90,100,18.37
267,Kristinehamn,SE,2022-03-31 01:23:38,59.3098,14.1081,23.56,62,16,4.07
268,Linxia,CN,2022-03-31 01:23:39,35.6003,103.2064,42.15,45,100,2.19
269,Barra Patuca,HN,2022-03-31 01:23:39,15.8,-84.2833,79.14,81,7,15.12
270,Altar,MX,2022-03-31 01:23:39,30.7,-111.8167,72.64,29,1,14.0
271,Payo,ID,2022-03-31 01:23:40,-3.7508,103.6372,77.45,73,39,1.39
272,Tonota,BW,2022-03-31 01:23:40,-21.4833,27.4833,62.01,53,0,6.87
273,Buala,SB,2022-03-31 01:23:40,-8.145,159.5921,84.15,76,100,2.13
274,Arroio Grande,BR,2022-03-31 01:23:41,-32.2375,-53.0869,54.25,51,1,13.73
275,Flinders,AU,2022-03-31 01:23:41,-34.5833,150.8552,67.05,89,92,7.0
276,Ipanema,BR,2022-03-31 01:23:41,-30.1391,-51.2244,61.38,84,0,6.91
277,Podor,MR,2022-03-31 01:23:42,16.6527,-14.9587,79.41,30,100,13.56
278,Maceio,BR,2022-03-31 01:23:57,-9.6658,-35.7353,76.44,88,20,3.44
279,Acapulco,MX,2022-03-31 01:21:35,16.8634,-99.8901,78.62,61,20,11.5
280,Nuevo Progreso,MX,2022-03-31 01:24:42,23.1667,-97.95,77.54,61,96,1.99
281,Salinopolis,BR,2022-03-31 01:24:43,-0.6136,-47.3561,74.73,93,100,5.06
282,Cherskiy,RU,2022-03-31 01:24:43,68.75,161.3,-1.66,85,95,3.83
283,Donskoye,RU,2022-03-31 01:24:43,45.4552,41.9741,51.62,67,11,6.91
284,Talcahuano,CL,2022-03-31 01:24:44,-36.7167,-73.1167,53.28,71,0,13.8
285,Sao Jose Dos Pinhais,BR,2022-03-31 01:24:44,-25.5347,-49.2064,69.37,65,75,6.91
286,Kargasok,RU,2022-03-31 01:23:14,59.0556,80.8572,30.36,94,100,19.33
287,Grottammare,IT,2022-03-31 01:24:44,42.9888,13.8649,51.58,91,100,1.83
288,Amapa,BR,2022-03-31 01:24:45,1.0,-52.0,70.7,99,100,1.12
289,Adamovka,RU,2022-03-31 01:24:45,51.5223,59.9396,35.28,82,100,13.22
290,Ust-Tsilma,RU,2022-03-31 01:24:45,65.441,52.1498,-4.49,99,95,2.98
291,Bataipora,BR,2022-03-31 01:24:46,-22.2953,-53.2711,70.86,92,3,3.29
292,Lerwick,GB,2022-03-31 01:24:46,60.1545,-1.1494,33.8,64,74,20.27
293,Erenhot,CN,2022-03-31 01:24:46,43.6475,111.9767,27.5,29,0,8.21
294,Aykhal,RU,2022-03-31 01:24:47,66.0,111.5,18.18,95,100,8.21
295,Bousso,TD,2022-03-31 01:24:47,10.4795,16.7117,80.78,10,100,3.62
296,Vung Tau,VN,2022-03-31 01:21:53,10.346,107.0843,82.31,76,100,9.08
297,Tommot,RU,2022-03-31 01:24:47,58.9564,126.2925,23.07,86,100,4.9
298,Tateyama,JP,2022-03-31 01:24:48,34.9833,139.8667,61.84,85,4,22.75
299,Poum,NC,2022-03-31 01:21:22,-20.2333,164.0167,82.35,79,5,13.27
300,Touros,BR,2022-03-31 01:24:48,-5.1989,-35.4608,79.5,82,100,12.1
301,Bilibino,RU,2022-03-31 01:24:48,68.0546,166.4372,9.0,59,100,1.19
302,Venice,US,2022-03-31 01:24:33,27.0998,-82.4543,77.99,75,0,9.22
303,El Alto,PE,2022-03-31 01:24:49,-4.2714,-81.2147,71.69,77,100,13.6
304,Clyde River,CA,2022-03-31 01:20:52,70.4692,-68.5914,5.23,85,100,13.8
305,Vredendal,ZA,2022-03-31 01:24:49,-31.6683,18.5012,61.5,67,100,5.19
306,Salisbury,GB,2022-03-31 01:24:50,51.0693,-1.7957,39.45,84,75,17.27
307,Bose,IT,2022-03-31 01:24:50,45.4612,8.0137,47.21,94,100,1.34
308,Andenes,NO,2022-03-31 01:24:50,69.3143,16.1194,27.93,86,75,25.32
309,Key West,US,2022-03-31 01:24:51,24.5557,-81.7826,79.0,78,75,23.02
310,Goderich,CA,2022-03-31 01:23:35,43.7501,-81.7165,43.12,75,100,14.97
311,Binga,ZW,2022-03-31 01:24:51,-17.6203,27.3414,68.41,83,0,1.68
312,Hadsund,DK,2022-03-31 01:24:52,56.7148,10.1168,22.91,48,1,6.53
313,Srivardhan,IN,2022-03-31 01:24:52,18.0333,73.0167,75.36,67,7,2.37
314,Tsumeb,NA,2022-03-31 01:24:52,-19.2333,17.7167,63.97,81,9,7.0
315,Nizwa,OM,2022-03-31 01:24:52,22.9333,57.5333,72.36,31,0,1.32
316,Una,IN,2022-03-31 01:24:53,20.8167,71.0333,73.87,67,5,7.96
317,Alofi,NU,2022-03-31 01:24:53,-19.0595,-169.9187,84.09,79,75,9.22
318,Paamiut,GL,2022-03-31 01:24:54,61.994,-49.6678,27.95,84,100,4.5
319,Anori,BR,2022-03-31 01:24:54,-3.7728,-61.6442,72.88,99,100,2.46
320,Sarab,IR,2022-03-31 01:24:54,38.6066,44.9883,46.92,51,85,2.68
321,Kichera,RU,2022-03-31 01:24:55,55.9375,110.0997,17.33,81,80,1.36
322,Puerto Colombia,CO,2022-03-31 01:24:55,10.9878,-74.9547,80.69,84,100,23.87
323,Srednekolymsk,RU,2022-03-31 01:25:55,67.45,153.6833,1.31,86,97,5.57
324,Mount Isa,AU,2022-03-31 01:25:56,-20.7333,139.5,85.77,21,5,16.11
325,Tubuala,PA,2022-03-31 01:25:56,9.5167,-79.0333,79.09,88,69,10.65
326,Yumen,CN,2022-03-31 01:25:56,40.2833,97.2,39.13,42,6,7.47
327,Kempsey,AU,2022-03-31 01:23:04,-31.0833,152.8333,69.75,85,88,11.83
328,Abnub,EG,2022-03-31 01:25:57,27.2696,31.1511,59.22,19,2,5.1
329,Bairiki,KI,2022-03-31 01:25:57,1.3292,172.9752,86.0,66,20,5.75
330,Libreville,GA,2022-03-31 01:24:36,0.3925,9.4537,82.42,78,40,5.75
331,Provideniya,RU,2022-03-31 01:24:38,64.3833,-173.3,19.51,79,100,15.99
332,Itarema,BR,2022-03-31 01:25:57,-2.9248,-39.9167,78.66,83,100,9.1
333,Dzilam Gonzalez,MX,2022-03-31 01:25:58,21.2833,-88.9333,83.91,57,6,12.57
334,Vranjska Banja,RS,2022-03-31 01:25:58,42.555,21.9922,52.5,71,100,6.4
335,Gornyye Klyuchi,RU,2022-03-31 01:25:58,45.25,133.5,36.45,42,0,8.79
336,Honningsvag,NO,2022-03-31 01:25:59,70.9821,25.9704,24.55,100,75,14.97
337,Gamba,GA,2022-03-31 01:25:59,-2.65,10.0,76.39,93,83,4.29
338,Hobyo,SO,2022-03-31 01:25:59,5.3505,48.5268,81.32,73,97,13.31
339,Newport,GB,2022-03-31 01:26:00,51.5877,-2.9984,37.94,84,100,17.94
340,Benin,BJ,2022-03-31 01:26:00,9.5,2.25,81.46,61,13,4.0
341,The Valley,AI,2022-03-31 01:26:01,18.217,-63.0578,78.1,71,0,20.62
342,Camana,PE,2022-03-31 01:26:01,-16.6228,-72.7111,68.88,79,9,6.15
343,Aswan,EG,2022-03-31 01:26:01,24.0934,32.907,72.7,21,0,8.05
344,Praya,CV,2022-03-31 01:26:02,14.9215,-23.5087,70.34,73,75,14.97
345,Bubaque,GW,2022-03-31 01:26:02,11.2833,-15.8333,75.56,74,43,10.58
346,Kununurra,AU,2022-03-31 01:26:02,-15.7667,128.7333,89.58,62,60,4.61
347,Pacific Grove,US,2022-03-31 01:26:03,36.6177,-121.9166,61.88,77,100,12.66
348,Kashi,CN,2022-03-31 01:26:03,39.4547,75.9797,51.01,43,40,2.24
349,Nantucket,US,2022-03-31 01:26:03,41.2835,-70.0995,42.85,62,20,10.36
350,Grand Gaube,MU,2022-03-31 01:26:04,-20.0064,57.6608,78.39,78,60,10.0
351,Coquimbo,CL,2022-03-31 01:25:49,-29.9533,-71.3436,56.93,88,0,2.3
352,Lavrentiya,RU,2022-03-31 01:26:04,65.5833,-171.0,17.08,93,100,10.18
353,Kattivakkam,IN,2022-03-31 01:26:04,13.2167,80.3167,84.29,89,11,14.94
354,Lincoln,US,2022-03-31 01:23:21,40.8,-96.667,35.69,82,100,23.02
355,Tucuman,AR,2022-03-31 01:26:05,-26.8241,-65.2226,50.0,76,6,5.75
356,Katete,UG,2022-03-31 01:26:05,-0.7818,29.7544,57.67,95,14,3.15
357,Ilembo,TZ,2022-03-31 01:26:06,-9.25,33.3833,57.18,99,100,3.47
358,Awbari,LY,2022-03-31 01:26:06,26.5921,12.7805,77.11,12,100,16.15
359,Sao Filipe,CV,2022-03-31 01:26:06,14.8961,-24.4956,71.11,76,8,14.05
360,Grindavik,IS,2022-03-31 01:26:06,63.8424,-22.4338,37.87,65,100,8.05
361,Rafsanjan,IR,2022-03-31 01:26:07,30.4067,55.9939,60.85,11,84,5.57
362,Biograd Na Moru,HR,2022-03-31 01:26:07,43.9433,15.4519,57.76,94,100,22.03
363,Nyrob,RU,2022-03-31 01:26:08,60.733,56.7202,5.4,98,100,4.12
364,Ayutla,MX,2022-03-31 01:26:08,20.1167,-104.3333,71.29,26,18,7.27
365,Lata,PT,2022-03-31 01:26:08,40.1629,-8.3327,47.91,90,94,2.68
366,Bud,US,2022-03-31 01:26:09,39.447,-86.1758,75.15,45,100,26.33
367,Springdale,US,2022-03-31 01:26:09,36.1867,-94.1288,40.03,96,100,13.8
368,Ossora,RU,2022-03-31 01:26:09,59.2353,163.0719,21.43,84,100,3.89
369,Nerang,AU,2022-03-31 01:27:10,-27.9833,153.3333,81.59,71,100,5.01
370,Ambon,ID,2022-03-31 01:27:10,-3.6954,128.1814,86.14,74,40,9.22
371,Sao Joao Da Barra,BR,2022-03-31 01:27:10,-21.6403,-41.0511,76.69,90,0,11.36
372,Calvinia,ZA,2022-03-31 01:27:11,-31.4707,19.776,61.43,34,98,2.75
373,Pangai,TO,2022-03-31 01:27:11,-19.8,-174.35,80.71,78,75,6.91
374,Bechem,GH,2022-03-31 01:27:11,7.0903,-2.025,75.04,90,100,3.02
375,Louis Trichardt,ZA,2022-03-31 01:27:12,-23.0439,29.9032,60.42,60,0,1.88
376,Moerai,PF,2022-03-31 01:27:12,-22.4333,-151.3333,81.05,65,6,4.97
377,Aksay,RU,2022-03-31 01:27:12,47.26,39.87,47.25,71,15,8.99
378,Ulagan,RU,2022-03-31 01:27:13,50.6321,87.9563,6.06,89,32,2.75
379,Fortuna,US,2022-03-31 01:27:13,40.5982,-124.1573,54.86,79,40,18.41
380,Petropavlovka,RU,2022-03-31 01:27:13,50.6114,105.3196,25.72,60,73,2.55
381,Padang,ID,2022-03-31 01:27:14,-0.9492,100.3543,77.05,71,10,3.13
382,Palu,ID,2022-03-31 01:22:19,-0.8917,119.8707,86.18,67,79,0.89
383,Champasak,LA,2022-03-31 01:27:14,14.75,106.0,82.29,58,76,3.2
384,Yarkovo,RU,2022-03-31 01:27:14,57.4028,67.0786,27.03,76,27,13.2
385,Hualmay,PE,2022-03-31 01:27:15,-11.0964,-77.6139,69.96,84,100,11.18
386,Kalmunai,LK,2022-03-31 01:27:15,7.4167,81.8167,76.96,86,8,5.99
387,Paita,PE,2022-03-31 01:27:15,-5.0892,-81.1144,73.94,75,63,17.29
388,Coihaique,CL,2022-03-31 01:27:16,-45.5752,-72.0662,43.41,70,0,4.61
389,Iturama,BR,2022-03-31 01:27:16,-19.7281,-50.1956,73.92,73,30,4.99
390,Carauari,BR,2022-03-31 01:26:34,-4.8828,-66.8958,73.89,97,100,1.74
391,Zeya,RU,2022-03-31 01:27:17,53.75,127.2667,28.33,51,7,9.13
392,Mucurapo,TT,2022-03-31 01:27:17,10.6667,-61.5333,78.85,83,100,10.56
393,Ruwi,OM,2022-03-31 01:27:17,23.5996,58.5507,75.83,55,0,4.45
394,Tanout,NE,2022-03-31 01:27:18,14.9709,8.8879,71.49,4,19,10.27
395,Luderitz,NA,2022-03-31 01:27:18,-26.6481,15.1594,62.62,63,0,14.41
396,Macrohon,PH,2022-03-31 01:27:18,10.0797,124.9431,82.72,71,36,9.17
397,Melhus,NO,2022-03-31 01:27:18,63.2855,10.2781,33.17,82,100,4.47
398,Madinat Sittah Uktubar,EG,2022-03-31 01:27:19,29.8167,31.05,64.0,30,5,9.84
399,Vostok,RU,2022-03-31 01:27:19,46.4856,135.8833,25.34,75,89,10.96
400,Khandyga,RU,2022-03-31 01:27:19,62.6667,135.6,12.65,89,100,1.52
401,Atengo,MX,2022-03-31 01:27:20,20.1667,-99.3333,75.0,14,0,9.17
402,Ostersund,SE,2022-03-31 01:26:51,63.1792,14.6357,22.6,79,77,4.61
403,Port Macquarie,AU,2022-03-31 01:27:20,-31.4333,152.9167,69.69,94,75,10.36
404,Key Biscayne,US,2022-03-31 01:27:21,25.6937,-80.1628,78.03,74,2,3.0
405,Mountain Home,US,2022-03-31 01:27:21,43.133,-115.6912,53.29,56,100,20.65
406,Muros,ES,2022-03-31 01:27:21,42.7762,-9.0603,50.09,88,100,1.12
407,Dafeng,CN,2022-03-31 01:27:22,23.4517,108.5881,70.56,96,100,2.13
408,Waingapu,ID,2022-03-31 01:27:22,-9.6567,120.2641,82.06,74,63,4.7
409,Saint Anthony,US,2022-03-31 01:27:22,45.0205,-93.218,34.93,87,100,13.8
410,Sergeyevka,KZ,2022-03-31 01:27:23,53.88,67.4158,34.18,95,100,16.04
411,Cordoba,AR,2022-03-31 01:23:04,-31.4135,-64.1811,53.19,75,0,4.61
412,Aksarayskiy,RU,2022-03-31 01:27:23,46.7924,48.0119,45.93,68,94,5.99
413,Yuli,NG,2022-03-31 01:27:23,9.6989,10.2744,78.35,10,100,5.44
414,Balykshi,KZ,2022-03-31 01:27:24,47.0667,51.8667,39.2,81,75,6.71
415,Mount Gambier,AU,2022-03-31 01:27:24,-37.8333,140.7667,62.51,51,100,21.85
416,Hamilton,US,2022-03-31 01:22:25,39.1834,-84.5333,77.63,25,0,31.07
417,Cidreira,BR,2022-03-31 01:28:25,-30.1811,-50.2056,61.3,75,100,9.6
418,Lorengau,PG,2022-03-31 01:28:25,-2.0226,147.2712,85.39,74,100,14.05
419,Tevaitoa,PF,2022-03-31 01:28:25,-16.7833,-151.5,81.84,72,15,13.76
420,Arcata,US,2022-03-31 01:25:03,40.8665,-124.0828,58.75,75,40,13.8
421,Quetigny,FR,2022-03-31 01:28:26,47.3167,5.1167,49.53,100,100,2.3
422,Tabas,IR,2022-03-31 01:28:26,33.5959,56.9244,58.28,17,3,1.39
423,Kaitangata,NZ,2022-03-31 01:28:26,-46.2817,169.8464,66.38,63,74,3.29
424,Yaan,NG,2022-03-31 01:28:27,7.3833,8.5667,84.07,36,81,6.22
425,Luganville,VU,2022-03-31 01:28:27,-15.5333,167.1667,86.18,73,96,6.87
426,Moissac,FR,2022-03-31 01:28:27,44.1024,1.0945,49.87,96,100,8.46
427,Tiarei,PF,2022-03-31 01:28:28,-17.5333,-149.3333,86.02,69,94,11.83
428,Davila,PH,2022-03-31 01:28:28,18.4726,120.5763,85.98,63,91,2.64
429,Kachiry,KZ,2022-03-31 01:24:40,53.0675,76.1036,35.11,78,100,19.46
430,Kumluca,TR,2022-03-31 01:28:28,36.3703,30.2869,56.95,54,89,3.18
431,Mayumba,GA,2022-03-31 01:28:29,-3.432,10.6554,76.46,91,95,4.99
432,Leningradskiy,RU,2022-03-31 01:28:29,69.3833,178.4167,-8.21,90,100,5.06
433,Santa Rosa,PH,2022-03-31 01:27:38,14.3122,121.1114,89.11,69,55,12.97
434,Marawi,PH,2022-03-31 01:28:29,7.9986,124.2928,76.55,76,11,2.89
435,Zheleznodorozhnyy,RU,2022-03-31 01:28:30,55.7503,38.0042,23.61,97,100,3.47
436,Tamandare,BR,2022-03-31 01:28:30,-8.7597,-35.1047,78.12,83,100,3.53
437,Elban,RU,2022-03-31 01:28:30,50.1018,136.5094,26.64,84,93,5.55
438,Pundaguitan,PH,2022-03-31 01:28:31,6.3711,126.1689,81.9,73,11,5.44
439,Matay,EG,2022-03-31 01:28:31,28.419,30.7792,63.66,22,0,7.09
440,San Felipe,VE,2022-03-31 01:28:31,10.3399,-68.7425,71.28,88,100,5.23
441,Byron Bay,AU,2022-03-31 01:28:32,-28.65,153.6167,74.95,75,100,21.5
442,Biscarrosse,FR,2022-03-31 01:28:32,44.3945,-1.1672,51.75,87,75,6.91
443,Vila,PT,2022-03-31 01:28:32,42.0304,-8.1588,41.88,90,100,1.23
444,Hovd,MN,2022-03-31 01:28:33,48.0056,91.6419,26.38,30,0,5.53
445,Avera,US,2022-03-31 01:28:33,33.194,-82.5271,75.25,70,85,19.1
446,Umm Kaddadah,SD,2022-03-31 01:28:33,13.6017,26.6876,70.63,9,100,14.5
447,Sundarnagar,IN,2022-03-31 01:28:34,31.5333,76.8833,64.83,15,0,7.9
448,Nicoya,CR,2022-03-31 01:28:34,10.1483,-85.452,82.13,66,56,2.59
449,Dunedin,NZ,2022-03-31 01:28:34,-45.8742,170.5036,64.4,70,99,5.06
450,Sabha,LY,2022-03-31 01:28:35,27.0377,14.4283,75.76,10,100,17.56
451,Tahta,EG,2022-03-31 01:28:35,26.7693,31.5021,65.26,17,6,6.71
452,Ashland,US,2022-03-31 01:28:35,40.8167,-82.2665,68.54,52,100,17.96
453,Zyryanka,RU,2022-03-31 01:28:36,65.75,150.85,0.99,91,100,11.54
454,Luang Prabang,LA,2022-03-31 01:28:36,19.8856,102.1347,71.56,94,100,0.0
455,Te Anau,NZ,2022-03-31 01:28:36,-45.4167,167.7167,68.88,51,100,3.65
456,Jobat,IN,2022-03-31 01:28:37,22.4167,74.5667,75.29,42,5,7.05
457,Oudtshoorn,ZA,2022-03-31 01:28:37,-33.5907,22.2014,57.56,80,100,2.64
458,Camrose,CA,2022-03-31 01:28:37,53.0168,-112.8353,36.52,88,100,6.98
459,Mogadouro,PT,2022-03-31 01:28:38,41.3403,-6.7119,39.33,89,27,4.54
460,Umm Bab,QA,2022-03-31 01:28:38,25.2142,50.8072,67.06,60,50,9.46
461,Meulaboh,ID,2022-03-31 01:28:38,4.1363,96.1285,77.52,87,59,3.04
462,Airai,TL,2022-03-31 01:28:39,-8.9266,125.4092,69.98,65,94,1.81
463,Husavik,IS,2022-03-31 01:28:39,66.0449,-17.3389,29.34,77,100,5.66
464,Na Wa,TH,2022-03-31 01:28:39,17.4897,104.1006,78.84,63,15,6.64
465,Apiai,BR,2022-03-31 01:28:40,-24.5094,-48.8425,65.08,79,100,3.0
466,Bom Jesus,BR,2022-03-31 01:29:40,-9.0744,-44.3586,78.96,51,92,1.57
467,Fare,PF,2022-03-31 01:29:40,-16.7,-151.0167,82.2,70,8,13.38
468,Kiama,AU,2022-03-31 01:29:41,-34.6833,150.8667,68.58,86,88,3.0
469,Komsomolskiy,UZ,2022-03-31 01:29:41,40.4272,71.7189,41.72,75,0,6.91
470,Madang,PG,2022-03-31 01:29:41,-5.2246,145.7966,84.74,69,100,2.06
471,Ahuimanu,US,2022-03-31 01:29:42,21.4447,-157.8378,83.91,67,40,17.27
472,Veraval,IN,2022-03-31 01:29:42,20.9,70.3667,75.11,77,1,5.77
473,Alirajpur,IN,2022-03-31 01:29:42,22.3031,74.3546,74.93,44,5,7.16
474,Naze,JP,2022-03-31 01:29:43,28.3667,129.4833,67.12,85,23,2.77
475,Dumas,US,2022-03-31 01:29:44,35.8656,-101.9732,46.53,39,0,17.27
476,Blagoyevo,RU,2022-03-31 01:29:44,63.3667,47.9167,11.1,97,100,4.74
477,Makakilo City,US,2022-03-31 01:29:44,21.3469,-158.0858,82.72,57,75,18.41
478,Wanning,CN,2022-03-31 01:29:45,18.8003,110.3967,77.4,87,96,7.96
479,Bambanglipuro,ID,2022-03-31 01:28:32,-7.95,110.2833,81.68,74,93,0.81
480,Coahuayana,MX,2022-03-31 01:29:45,18.7333,-103.6833,72.63,64,69,4.05
481,Labuhan,ID,2022-03-31 01:29:45,-6.8844,112.2051,81.57,79,99,4.68
482,Penzance,GB,2022-03-31 01:29:46,50.1186,-5.5371,47.08,82,91,20.18
483,Strezhevoy,RU,2022-03-31 01:29:46,60.7333,77.5889,29.79,95,100,20.13
484,Sioux Lookout,CA,2022-03-31 01:29:46,50.1001,-91.917,26.67,86,100,12.66
485,Taksimo,RU,2022-03-31 01:29:47,56.3444,114.8794,16.72,70,28,1.77
486,Egvekinot,RU,2022-03-31 01:29:47,66.3167,-179.1667,-2.88,79,90,11.54
487,Ginda,IN,2022-03-31 01:28:29,30.6945,78.4932,54.21,14,0,8.81
488,Saint-Joseph,RE,2022-03-31 01:29:47,-21.3667,55.6167,75.58,79,62,16.6
489,Buchanan,LR,2022-03-31 01:29:48,5.8808,-10.0467,79.16,88,97,3.89
490,Spring Hill,US,2022-03-31 01:25:30,28.4769,-82.5255,79.07,56,0,9.22
491,Jalingo,NG,2022-03-31 01:29:48,8.8833,11.3667,78.48,11,86,3.38
492,Hauzenberg,DE,2022-03-31 01:29:49,48.65,13.6333,47.86,90,100,1.23
493,Puerto Parra,CO,2022-03-31 01:29:49,6.6515,-74.0573,75.54,91,94,0.81
494,Tabou,CI,2022-03-31 01:29:49,4.423,-7.3528,79.47,87,30,4.79
495,Girne,CY,2022-03-31 01:29:50,35.3417,33.3167,49.55,64,1,5.66
496,Gomel,BY,2022-03-31 01:29:50,52.4345,30.9754,30.81,93,0,11.18
497,Ketchikan,US,2022-03-31 01:29:50,55.3422,-131.6461,44.58,81,100,4.61
498,Orchard Homes,US,2022-03-31 01:29:51,46.8633,-114.0484,49.59,55,99,3.0
499,Bakchar,RU,2022-03-31 01:29:51,57.0186,82.0711,33.8,97,100,17.81
500,Nishihara,JP,2022-03-31 01:29:51,26.1842,127.7558,74.86,97,75,10.36
501,Okuchi,JP,2022-03-31 01:29:52,32.0667,130.6167,68.68,74,100,2.26
502,Skagen,DK,2022-03-31 01:29:52,57.7209,10.5839,37.65,45,6,7.38
503,Dmanisi,GE,2022-03-31 01:29:52,41.5251,44.3472,31.57,77,6,7.4
504,Chingirlau,KZ,2022-03-31 01:29:53,51.095,54.0814,38.64,91,100,15.5
505,Broken Hill,AU,2022-03-31 01:29:04,-31.95,141.4333,62.31,48,0,25.32
506,Tarakan,ID,2022-03-31 01:29:53,3.3,117.6333,83.7,84,75,5.75
507,Yulara,AU,2022-03-31 01:29:53,-25.2406,130.9889,76.84,41,97,16.11
508,San Luis,AR,2022-03-31 01:28:07,-33.295,-66.3356,48.04,26,29,8.57
509,Cockburn Town,TC,2022-03-31 01:29:54,21.4612,-71.1419,76.69,69,0,25.57
510,Nemuro,JP,2022-03-31 01:29:54,43.3236,145.575,35.87,73,100,4.05
511,Hokitika,NZ,2022-03-31 01:29:54,-42.7167,170.9667,65.61,66,89,4.45
512,Marrakesh,MA,2022-03-31 01:26:08,31.6315,-8.0083,55.47,76,40,4.61
513,Mocuba,MZ,2022-03-31 01:30:55,-16.8392,36.9856,69.24,97,75,3.15
514,Prince George,CA,2022-03-31 01:26:36,53.9166,-122.753,45.25,47,40,21.85
515,Santa Maria,BR,2022-03-31 01:30:55,-29.6842,-53.8069,54.7,71,75,3.44
516,Svetlogorsk,BY,2022-03-31 01:30:56,52.6333,29.7333,33.49,89,100,2.84
517,Constitucion,CL,2022-03-31 01:30:56,-35.3333,-72.4167,54.18,58,0,8.43
518,Cayenne,GF,2022-03-31 01:30:08,4.9333,-52.3333,78.1,1,0,2.3
519,Isla Vista,US,2022-03-31 01:30:56,34.4133,-119.861,67.62,71,0,9.22
520,Cimitarra,CO,2022-03-31 01:30:57,6.3142,-73.9497,74.64,94,99,2.19
521,Jambi,ID,2022-03-31 01:27:58,-1.6,103.6167,77.02,91,89,2.33
522,Manicore,BR,2022-03-31 01:30:57,-5.8092,-61.3003,71.65,99,100,1.97
523,Sungairaya,ID,2022-03-31 01:30:57,0.7,108.9,86.92,60,18,2.53
524,Lagoa,PT,2022-03-31 01:30:58,39.05,-27.9833,59.99,90,97,5.97
525,Elko,US,2022-03-31 01:28:25,41.0002,-115.5012,55.42,34,100,14.0
526,Zapolyarnyy,RU,2022-03-31 01:30:58,69.4154,30.8136,24.08,90,98,11.79
527,Nouakchott,MR,2022-03-31 01:30:59,18.0858,-15.9785,67.93,71,100,13.65
528,Meadow Lake,US,2022-03-31 01:30:15,34.8014,-106.5436,56.79,24,60,20.62
529,Honiara,SB,2022-03-31 01:30:59,-9.4333,159.95,84.31,81,68,2.73
530,Klaksvik,FO,2022-03-31 01:30:59,62.2266,-6.589,29.32,69,98,18.63
531,Maloh,PH,2022-03-31 01:31:00,9.056,122.9851,86.0,67,13,10.02
532,Richards Bay,ZA,2022-03-31 01:31:00,-28.783,32.0377,69.53,83,0,7.02
533,Jinji,CN,2022-03-31 01:31:00,23.2281,110.8261,73.89,89,100,2.93
534,Bonavista,CA,2022-03-31 01:31:01,48.6499,-53.1147,32.36,86,100,23.06
535,Murowana Goslina,PL,2022-03-31 01:31:01,52.5746,17.0093,32.23,69,100,12.53
536,Ancud,CL,2022-03-31 01:26:53,-41.8697,-73.8203,46.47,84,21,5.82
537,Koungheul,SN,2022-03-31 01:31:02,13.9833,-14.8,84.81,16,100,4.54
538,Sestri Levante,IT,2022-03-31 01:31:02,44.2732,9.3968,55.51,84,100,5.01
539,Spartanburg,US,2022-03-31 01:31:02,34.9496,-81.9321,66.88,70,0,0.0
540,Viedma,AR,2022-03-31 01:30:27,-40.8135,-62.9967,50.31,59,0,7.61
541,Yarim,YE,2022-03-31 01:31:03,14.298,44.3779,49.59,28,0,7.02
542,Gizo,SB,2022-03-31 01:31:03,-8.103,156.8419,84.81,73,57,7.92
543,Adrar,MR,2022-03-31 01:31:04,20.5022,-10.0711,71.42,18,100,13.4
544,Kaeo,NZ,2022-03-31 01:31:04,-35.1,173.7833,75.24,60,18,5.21
545,Anadyr,RU,2022-03-31 01:31:04,64.75,177.4833,-7.01,76,0,6.71
546,Svetlaya,RU,2022-03-31 01:31:05,46.5389,138.3297,36.39,49,62,4.5
547,Antofagasta,CL,2022-03-31 01:31:05,-23.65,-70.4,61.88,88,10,4.38
548,Ayorou,NE,2022-03-31 01:31:06,14.7308,0.9174,78.08,4,46,7.78
549,Empalme,MX,2022-03-31 01:31:06,27.9667,-110.8167,76.35,43,0,16.11
550,Kupino,RU,2022-03-31 01:31:06,54.3663,77.2981,34.68,82,83,21.23
551,Morgan City,US,2022-03-31 01:31:07,29.6994,-91.2068,62.6,100,100,3.44
552,Homer,US,2022-03-31 01:28:34,59.6425,-151.5483,47.77,69,27,5.01
553,Lodja,CD,2022-03-31 01:31:07,-3.4833,23.4333,68.74,86,88,1.28
554,Tigil,RU,2022-03-31 01:31:07,57.8,158.6667,25.7,75,65,6.02
555,Port Hedland,AU,2022-03-31 01:31:08,-20.3167,118.5667,93.25,46,41,9.22
556,Sembakung,ID,2022-03-31 01:31:08,3.8167,117.25,88.07,63,78,0.67
557,Banda Aceh,ID,2022-03-31 01:31:08,5.5577,95.3222,81.52,76,53,6.71
558,Durazno,UY,2022-03-31 01:32:09,-33.4131,-56.5006,48.29,60,12,7.83
559,Lucapa,AO,2022-03-31 01:32:09,-8.4192,20.7447,64.27,98,99,2.89
560,Bercel,HU,2022-03-31 01:32:09,47.8706,19.4072,52.12,64,100,5.79
561,Mormugao,IN,2022-03-31 01:30:55,15.4,73.8,79.86,89,20,3.44
562,Ergani,TR,2022-03-31 01:32:10,38.2653,39.7621,43.72,68,0,4.59
563,Bajil,YE,2022-03-31 01:32:10,15.0584,43.2851,76.21,70,4,1.9
564,Troitskoye,RU,2022-03-31 01:32:11,52.9821,84.6757,34.14,80,100,16.8
565,Fairbanks,US,2022-03-31 01:27:56,64.8378,-147.7164,30.16,43,20,8.05
566,Lensk,RU,2022-03-31 01:32:11,60.7253,114.9278,27.99,89,100,10.2
567,Shakawe,BW,2022-03-31 01:32:12,-18.3667,21.85,66.22,93,97,3.47
568,Rylsk,RU,2022-03-31 01:32:12,51.5655,34.6822,39.18,96,100,4.38
569,Lons-Le-Saunier,FR,2022-03-31 01:32:12,46.75,5.75,46.24,96,100,1.77
570,Mikhaylovka,RU,2022-03-31 01:32:13,50.06,43.2379,47.79,86,100,8.66
571,Druzhba,UA,2022-03-31 01:32:13,52.0428,33.9453,35.44,92,100,2.8
572,Pangnirtung,CA,2022-03-31 01:32:13,66.1451,-65.7125,9.73,90,93,4.41
573,San Quintin,MX,2022-03-31 01:32:14,30.4833,-115.95,59.63,79,41,13.91
574,Suntar,RU,2022-03-31 01:32:14,62.1444,117.6319,27.7,90,100,6.53
575,Quatre Cocos,MU,2022-03-31 01:32:14,-20.2078,57.7625,78.1,79,91,22.55
