City_ID,City,Lat,Lng,Max Temp,Humidity,Cloudiness,Wind Speed,Country,Date,Current Description
0,Busselton,-33.65,115.3333,68.95,88,93,10.11,AU,2022-04-02 20:35:04,overcast clouds
1,Coahuayana,18.7333,-103.6833,85.5,44,91,7.65,MX,2022-04-02 20:35:04,overcast clouds
2,Pacifica,37.6138,-122.4869,77.65,63,40,5.01,US,2022-04-02 20:35:05,scattered clouds
3,Hobart,-42.8794,147.3294,55.26,84,100,8.05,AU,2022-04-02 20:30:13,overcast clouds
4,Avarua,-21.2078,-159.775,82.45,74,75,5.75,CK,2022-04-02 20:35:05,broken clouds
5,Albany,42.6001,-73.9662,51.58,34,40,3.0,US,2022-04-02 20:35:05,scattered clouds
6,Kenai,60.5544,-151.2583,42.89,65,0,8.05,US,2022-04-02 20:35:06,clear sky
7,Vaini,-21.2,-175.2,78.96,94,75,0.0,TO,2022-04-02 20:35:06,broken clouds
8,Maceio,-9.6658,-35.7353,83.64,65,0,11.5,BR,2022-04-02 20:35:06,clear sky
9,Ancud,-41.8697,-73.8203,50.23,64,50,15.73,CL,2022-04-02 20:31:51,light rain
10,Tuktoyaktuk,69.4541,-133.0374,-14.8,70,40,10.36,CA,2022-04-02 20:35:07,scattered clouds
11,Port Blair,11.6667,92.75,80.64,83,40,2.3,IN,2022-04-02 20:35:07,mist
12,Saint George,37.1041,-113.5841,81.63,19,0,8.99,US,2022-04-02 20:30:18,clear sky
13,Bluff,-46.6,168.3333,57.31,73,90,19.8,NZ,2022-04-02 20:35:08,overcast clouds
14,Tasiilaq,65.6145,-37.6368,30.36,94,100,22.55,GL,2022-04-02 20:35:08,snow
15,Vardo,70.3705,31.1107,27.25,69,100,6.71,NO,2022-04-02 20:35:08,overcast clouds
16,Kavieng,-2.5744,150.7967,77.22,90,100,7.0,PG,2022-04-02 20:35:09,moderate rain
17,Tiksi,71.6872,128.8694,-7.35,100,100,4.92,RU,2022-04-02 20:35:09,overcast clouds
18,Victoria,22.2855,114.1577,62.26,67,96,5.01,HK,2022-04-02 20:33:42,overcast clouds
19,Punta Arenas,-53.15,-70.9167,44.71,81,40,10.36,CL,2022-04-02 20:35:09,scattered clouds
20,Mataura,-46.1927,168.8643,51.82,87,67,2.91,NZ,2022-04-02 20:35:10,broken clouds
21,Cabo San Lucas,22.8909,-109.9124,80.62,60,20,19.57,MX,2022-04-02 20:31:03,few clouds
22,Georgetown,5.4112,100.3354,76.95,94,20,3.44,MY,2022-04-02 20:32:21,few clouds
23,Constitucion,-35.3333,-72.4167,61.65,84,56,14.43,CL,2022-04-02 20:35:10,broken clouds
24,Rikitea,-23.1203,-134.9692,74.39,55,17,5.64,PF,2022-04-02 20:35:11,few clouds
25,Ushuaia,-54.8,-68.3,40.66,93,100,4.61,AR,2022-04-02 20:33:18,light intensity drizzle
26,Kapaa,22.0752,-159.319,78.19,84,100,18.41,US,2022-04-02 20:35:11,heavy intensity rain
27,Narsaq,60.9167,-46.05,41.22,93,100,1.1,GL,2022-04-02 20:35:11,overcast clouds
28,Norman Wells,65.282,-126.8329,-3.96,50,20,6.91,CA,2022-04-02 20:35:12,few clouds
29,Lata,40.1629,-8.3327,43.43,59,52,3.04,PT,2022-04-02 20:35:12,broken clouds
30,Yellowknife,62.456,-114.3525,3.72,46,20,2.3,CA,2022-04-02 20:35:12,few clouds
31,Upernavik,72.7868,-56.1549,12.61,95,92,12.5,GL,2022-04-02 20:35:13,overcast clouds
32,Tura,25.5198,90.2201,69.13,91,19,2.98,IN,2022-04-02 20:35:13,few clouds
33,Praia Da Vitoria,38.7333,-27.0667,62.85,77,20,9.19,PT,2022-04-02 20:35:13,few clouds
34,Vila Franca Do Campo,37.7167,-25.4333,59.41,80,23,5.03,PT,2022-04-02 20:35:14,few clouds
35,Esperance,-33.8667,121.9,64.24,53,13,12.93,AU,2022-04-02 20:35:14,few clouds
36,Chokurdakh,70.6333,147.9167,-1.26,94,100,4.59,RU,2022-04-02 20:35:14,overcast clouds
37,Mar Del Plata,-38.0023,-57.5575,69.82,64,0,20.0,AR,2022-04-02 20:35:15,clear sky
38,Asau,46.4333,26.4,45.95,94,100,0.98,RO,2022-04-02 20:35:15,overcast clouds
39,Hofn,64.2539,-15.2082,43.63,71,100,3.69,IS,2022-04-02 20:35:16,light rain
40,Port Hedland,-20.3167,118.5667,80.65,78,55,9.22,AU,2022-04-02 20:35:16,broken clouds
41,Mato Verde,-15.3972,-42.8664,80.46,41,25,5.14,BR,2022-04-02 20:35:16,scattered clouds
42,Waipawa,-41.4122,175.5153,58.14,86,35,0.81,NZ,2022-04-02 20:35:17,scattered clouds
43,Villazon,-22.0866,-65.5942,67.53,12,6,22.03,BO,2022-04-02 20:35:17,clear sky
44,Hilo,19.7297,-155.09,76.24,91,100,9.22,US,2022-04-02 20:34:13,overcast clouds
45,Spirit River,55.7833,-118.8361,39.63,27,13,16.64,CA,2022-04-02 20:35:19,few clouds
46,Lebu,-37.6167,-73.65,58.69,96,100,10.56,CL,2022-04-02 20:38:26,overcast clouds
47,Bonfim,3.0833,-59.95,92.34,42,83,9.57,BR,2022-04-02 20:38:26,broken clouds
48,Port Elizabeth,-33.918,25.5701,63.32,91,100,1.14,ZA,2022-04-02 20:38:27,moderate rain
49,Nome,64.5011,-165.4064,20.16,42,0,8.05,US,2022-04-02 20:38:27,clear sky
50,Port Alfred,-33.5906,26.891,64.18,91,100,1.01,ZA,2022-04-02 20:34:15,overcast clouds
51,Hithadhoo,-0.6,73.0833,82.85,70,12,6.17,MV,2022-04-02 20:38:27,few clouds
52,Kodiak,57.79,-152.4072,36.91,93,20,5.75,US,2022-04-02 20:38:28,moderate rain
53,Morganton,35.7454,-81.6848,62.11,40,100,4.0,US,2022-04-02 20:35:42,overcast clouds
54,Jamalpur,24.9167,89.9333,74.19,90,74,5.08,BD,2022-04-02 20:38:28,broken clouds
55,Komsomolskiy,40.4272,71.7189,57.92,58,1,6.91,UZ,2022-04-02 20:38:29,clear sky
56,Tambura,5.6,27.4667,78.62,53,81,4.94,SS,2022-04-02 20:38:29,broken clouds
57,Ribeira Grande,38.5167,-28.7,61.2,67,40,13.8,PT,2022-04-02 20:38:29,scattered clouds
58,Chazuta,-6.5742,-76.1367,81.45,73,91,0.2,PE,2022-04-02 20:38:29,overcast clouds
59,Dingle,10.9995,122.6711,74.71,87,87,7.29,PH,2022-04-02 20:38:30,overcast clouds
60,Madera,37.1666,-119.8343,79.52,44,93,1.01,US,2022-04-02 20:38:15,overcast clouds
61,Saint-Philippe,-21.3585,55.7679,76.59,98,100,21.12,RE,2022-04-02 20:38:30,very heavy rain
62,Bredasdorp,-34.5322,20.0403,61.84,78,76,13.47,ZA,2022-04-02 20:38:31,light rain
63,Mitsamiouli,-11.3847,43.2844,81.12,76,4,5.08,KM,2022-04-02 20:38:31,clear sky
64,Zhigansk,66.7697,123.3711,-2.29,100,100,6.15,RU,2022-04-02 20:38:31,overcast clouds
65,Payo,-3.7508,103.6372,72.59,92,97,2.01,ID,2022-04-02 20:38:32,light rain
66,Castro,-24.7911,-50.0119,60.51,95,100,5.46,BR,2022-04-02 20:35:31,overcast clouds
67,Ayorou,14.7308,0.9174,89.78,9,31,6.91,NE,2022-04-02 20:38:32,scattered clouds
68,Atuona,-9.8,-139.0333,79.36,76,4,15.12,PF,2022-04-02 20:38:32,clear sky
69,Chuy,-33.6971,-53.4616,65.53,63,3,11.18,UY,2022-04-02 20:38:33,clear sky
70,Barrow,71.2906,-156.7887,-7.58,84,0,10.36,US,2022-04-02 20:37:39,haze
71,Fort Nelson,58.8053,-122.7002,17.19,62,40,0.0,CA,2022-04-02 20:38:33,scattered clouds
72,Tacuarembo,-31.7333,-55.9833,68.76,57,0,5.39,UY,2022-04-02 20:38:34,clear sky
73,Caravelas,-17.7125,-39.2481,77.95,78,0,5.68,BR,2022-04-02 20:38:34,clear sky
74,Ningyang,35.7642,116.7914,44.17,63,0,2.95,CN,2022-04-02 20:38:34,clear sky
75,Atar,20.5169,-13.0499,79.97,13,1,6.69,MR,2022-04-02 20:38:34,clear sky
76,Half Moon Bay,37.4636,-122.4286,78.55,59,40,3.44,US,2022-04-02 20:36:55,scattered clouds
77,Lavrentiya,65.5833,-171.0,9.32,73,1,13.31,RU,2022-04-02 20:38:35,clear sky
78,Cururupu,-1.8283,-44.8683,77.34,89,56,4.32,BR,2022-04-02 20:38:35,broken clouds
79,Fairbanks,64.8378,-147.7164,19.24,58,100,4.61,US,2022-04-02 20:38:19,overcast clouds
80,Pascagoula,30.3658,-88.5561,77.05,40,100,10.36,US,2022-04-02 20:38:36,overcast clouds
81,Sinegorye,62.0788,150.477,1.36,94,100,0.36,RU,2022-04-02 20:38:37,overcast clouds
82,Jamestown,42.097,-79.2353,48.52,42,0,5.99,US,2022-04-02 20:38:37,clear sky
83,Souillac,-20.5167,57.5167,75.58,94,75,11.5,MU,2022-04-02 20:38:38,light rain
84,Kiama,-34.6833,150.8667,64.38,77,87,5.01,AU,2022-04-02 20:35:17,overcast clouds
85,Grand Gaube,-20.0064,57.6608,75.6,90,100,5.01,MU,2022-04-02 20:38:38,overcast clouds
86,Bethel,41.3712,-73.414,55.58,37,0,8.05,US,2022-04-02 20:38:39,clear sky
87,San Julian,21.0167,-102.1667,85.73,8,3,10.96,MX,2022-04-02 20:38:39,clear sky
88,Najran,17.4924,44.1277,68.65,18,0,0.4,SA,2022-04-02 20:38:39,clear sky
89,Ada,43.4166,-116.1262,57.09,30,20,21.99,US,2022-04-02 20:38:39,few clouds
90,Ngunguru,-35.6167,174.5,66.18,75,99,0.81,NZ,2022-04-02 20:38:40,overcast clouds
91,Kruisfontein,-34.0033,24.7314,60.89,84,99,7.54,ZA,2022-04-02 20:38:40,overcast clouds
92,Garwolin,51.8975,21.6147,35.71,92,100,1.01,PL,2022-04-02 20:39:42,overcast clouds
93,Haverfordwest,51.8017,-4.9691,41.05,88,9,6.98,GB,2022-04-02 20:39:42,clear sky
94,Mangan,27.5167,88.5333,70.03,91,100,0.56,IN,2022-04-02 20:39:42,overcast clouds
95,Geraldton,-28.7667,114.6,73.81,94,100,6.91,AU,2022-04-02 20:39:43,overcast clouds
96,Qaanaaq,77.484,-69.3632,12.52,81,87,4.56,GL,2022-04-02 20:39:43,overcast clouds
97,Roald,62.5833,6.1333,39.16,87,100,10.36,NO,2022-04-02 20:39:43,light rain
98,Cap Malheureux,-19.9842,57.6142,74.46,90,100,7.0,MU,2022-04-02 20:39:44,overcast clouds
99,Flin Flon,54.7682,-101.865,28.24,59,40,5.75,CA,2022-04-02 20:39:44,scattered clouds
100,Bengkulu,-3.8004,102.2655,75.33,81,94,5.19,ID,2022-04-02 20:39:44,overcast clouds
101,Mata,40.683,-7.4592,39.4,56,25,4.09,PT,2022-04-02 20:39:44,scattered clouds
102,Ayr,55.4627,-4.6339,39.18,75,20,1.14,GB,2022-04-02 20:36:03,few clouds
103,Pacific Grove,36.6177,-121.9166,70.39,76,0,10.0,US,2022-04-02 20:39:45,clear sky
104,Ponta Do Sol,32.6667,-17.1,63.01,82,100,6.98,PT,2022-04-02 20:39:45,overcast clouds
105,Haines Junction,60.7522,-137.5108,39.15,41,97,6.91,CA,2022-04-02 20:39:46,overcast clouds
106,Aswan,24.0934,32.907,88.9,11,0,6.91,EG,2022-04-02 20:39:46,clear sky
107,Waddan,29.1614,16.139,74.79,15,76,13.8,LY,2022-04-02 20:39:46,broken clouds
108,Butaritari,3.0707,172.7902,81.52,77,86,16.8,KI,2022-04-02 20:36:41,overcast clouds
109,Rio Gallegos,-51.6226,-69.2181,51.85,58,75,23.02,AR,2022-04-02 20:34:57,broken clouds
110,Bambous Virieux,-20.3428,57.7575,75.45,94,75,11.5,MU,2022-04-02 20:39:47,moderate rain
111,Hermanus,-34.4187,19.2345,62.8,80,93,16.73,ZA,2022-04-02 20:39:47,overcast clouds
112,New Norfolk,-42.7826,147.0587,54.9,69,93,0.96,AU,2022-04-02 20:39:47,overcast clouds
113,Yongan,39.6957,113.6871,37.18,26,20,3.83,CN,2022-04-02 20:39:48,few clouds
114,Camacha,33.0833,-16.3333,58.42,77,40,12.66,PT,2022-04-02 20:35:29,scattered clouds
115,Tungor,53.3808,142.9564,17.38,92,63,6.15,RU,2022-04-02 20:39:48,broken clouds
116,Cape Town,-33.9258,18.4232,65.26,72,0,13.8,ZA,2022-04-02 20:37:01,clear sky
117,Mount Gambier,-37.8333,140.7667,53.51,94,100,6.91,AU,2022-04-02 20:39:49,overcast clouds
118,Thinadhoo,0.5333,72.9333,82.63,70,9,4.7,MV,2022-04-02 20:39:49,clear sky
119,Valparaiso,-33.0393,-71.6273,60.44,93,100,10.36,CL,2022-04-02 20:35:32,mist
120,Khatanga,71.9667,102.5,-1.62,98,100,7.16,RU,2022-04-02 20:39:49,overcast clouds
121,Kloulklubed,7.0419,134.2556,75.7,72,83,4.23,PW,2022-04-02 20:39:50,broken clouds
122,Kochevo,59.5994,54.3125,21.81,94,100,6.2,RU,2022-04-02 20:39:50,overcast clouds
123,Hailey,43.5196,-114.3153,53.46,17,0,17.27,US,2022-04-02 20:39:50,clear sky
124,Touros,-5.1989,-35.4608,80.42,80,94,11.83,BR,2022-04-02 20:39:51,overcast clouds
125,Galesong,-5.3166,119.3661,75.22,80,100,2.73,ID,2022-04-02 20:39:51,overcast clouds
126,Hami,42.8,93.45,51.82,18,64,6.69,CN,2022-04-02 20:39:51,broken clouds
127,Henties Bay,-22.116,14.2845,60.62,87,0,9.8,NA,2022-04-02 20:39:52,clear sky
128,Butler,39.4501,-84.5666,51.67,50,100,8.05,US,2022-04-02 20:37:59,overcast clouds
129,Bonavista,48.6499,-53.1147,36.16,87,100,24.07,CA,2022-04-02 20:39:52,overcast clouds
130,Ruteng,-8.6136,120.4721,60.55,93,20,1.68,ID,2022-04-02 20:39:53,few clouds
131,El Alto,-4.2714,-81.2147,82.06,72,55,14.16,PE,2022-04-02 20:39:53,broken clouds
132,Pisco,-13.7,-76.2167,73.45,68,0,23.02,PE,2022-04-02 20:39:53,clear sky
133,Northam,51.0333,-4.2167,40.39,75,19,4.38,GB,2022-04-02 20:39:54,few clouds
134,Dauphin,51.1494,-100.0502,33.94,60,100,4.61,CA,2022-04-02 20:39:54,overcast clouds
135,Iquitos,-3.7481,-73.2472,73.44,94,100,6.91,PE,2022-04-02 20:39:54,overcast clouds
136,Fortuna,40.5982,-124.1573,61.86,57,0,12.66,US,2022-04-02 20:39:55,clear sky
137,Ilebo,-4.3167,20.5833,68.5,99,100,0.85,CD,2022-04-02 20:39:55,overcast clouds
138,Mabaruma,8.2,-59.7833,76.28,94,86,6.02,GY,2022-04-02 20:40:56,overcast clouds
139,Pevek,69.7008,170.3133,-6.32,95,99,2.3,RU,2022-04-02 20:40:57,overcast clouds
140,Qasigiannguit,68.8193,-51.1922,34.05,90,87,3.02,GL,2022-04-02 20:40:57,overcast clouds
141,Opatija,45.3392,14.3083,45.28,81,100,3.78,HR,2022-04-02 20:40:57,overcast clouds
142,Grindavik,63.8424,-22.4338,46.35,100,100,14.97,IS,2022-04-02 20:40:58,light rain
143,Puerto Ayora,-0.7393,-90.3518,85.96,87,47,5.01,EC,2022-04-02 20:40:58,scattered clouds
144,Helena,46.5927,-112.0361,47.35,55,75,19.57,US,2022-04-02 20:40:58,broken clouds
145,Steamboat Springs,40.485,-106.8317,58.59,36,75,8.05,US,2022-04-02 20:40:59,broken clouds
146,Baghmara,23.795,86.2085,78.13,84,1,7.29,IN,2022-04-02 20:40:59,clear sky
147,Manavalakurichi,8.1333,77.3,79.84,82,13,5.79,IN,2022-04-02 20:40:59,few clouds
148,Sur,22.5667,59.5289,82.56,38,59,9.44,OM,2022-04-02 20:40:59,broken clouds
149,Sun City West,33.662,-112.3413,87.53,19,0,8.05,US,2022-04-02 20:41:00,clear sky
150,Severo-Kurilsk,50.6789,156.125,28.08,65,100,28.43,RU,2022-04-02 20:38:58,overcast clouds
151,Saint-Lo,49.1162,-1.0903,39.63,69,20,4.21,FR,2022-04-02 20:41:00,few clouds
152,Portland,45.5234,-122.6762,58.95,57,40,8.99,US,2022-04-02 20:41:01,scattered clouds
153,Tuatapere,-46.1333,167.6833,51.98,85,36,2.46,NZ,2022-04-02 20:41:02,scattered clouds
154,Douentza,14.9951,-2.9517,88.41,8,10,5.39,ML,2022-04-02 20:41:02,clear sky
155,Yulara,-25.2406,130.9889,55.24,47,0,3.44,AU,2022-04-02 20:41:03,clear sky
156,Comodoro Rivadavia,-45.8667,-67.5,73.26,35,20,10.36,AR,2022-04-02 20:41:03,few clouds
157,Sao Filipe,14.8961,-24.4956,71.44,80,31,5.55,CV,2022-04-02 20:41:04,scattered clouds
158,Eirunepe,-6.6603,-69.8736,77.04,76,96,2.39,BR,2022-04-02 20:41:04,overcast clouds
159,Fallon,39.4735,-118.7774,65.91,21,75,10.36,US,2022-04-02 20:41:04,broken clouds
160,Klaksvik,62.2266,-6.589,43.72,86,100,19.57,FO,2022-04-02 20:41:05,overcast clouds
161,Youkounkoun,12.5333,-13.1333,91.04,15,83,1.48,GN,2022-04-02 20:41:05,broken clouds
162,Lazaro Cardenas,17.9583,-102.2,80.85,56,90,11.97,MX,2022-04-02 20:41:05,overcast clouds
163,Hirara,24.8,125.2833,65.66,87,100,29.71,JP,2022-04-02 20:41:06,moderate rain
164,Saint-Francois,46.4154,3.9054,33.67,80,0,10.36,FR,2022-04-02 20:41:06,clear sky
165,Minden,52.2833,8.9167,34.99,55,74,2.3,DE,2022-04-02 20:41:06,broken clouds
166,Harpanahalli,14.8,75.9833,75.49,69,12,6.93,IN,2022-04-02 20:41:07,few clouds
167,Lasa,46.6166,10.7002,32.88,94,97,6.93,IT,2022-04-02 20:41:07,overcast clouds
168,Thompson,55.7435,-97.8558,28.56,43,75,4.61,CA,2022-04-02 20:36:49,broken clouds
169,Belyy Yar,53.6039,91.3903,34.86,93,40,6.71,RU,2022-04-02 20:41:08,snow
170,Enid,36.3956,-97.8784,68.16,31,0,11.5,US,2022-04-02 20:41:08,clear sky
171,Sabha,27.0377,14.4283,79.09,14,100,10.85,LY,2022-04-02 20:41:08,overcast clouds
172,Brae,60.3964,-1.353,39.56,66,90,12.28,GB,2022-04-02 20:41:09,overcast clouds
173,Melfi,40.9965,15.6514,39.49,82,49,12.44,IT,2022-04-02 20:41:09,scattered clouds
174,Saldanha,-33.0117,17.9442,66.25,73,0,14.94,ZA,2022-04-02 20:41:09,clear sky
175,Alamos,27.0167,-108.9333,89.19,12,3,7.92,MX,2022-04-02 20:41:10,clear sky
176,Nikolskoye,59.7035,30.7861,28.8,95,8,3.47,RU,2022-04-02 20:41:10,clear sky
177,Dawlatabad,36.4141,64.9053,60.42,30,0,4.61,AF,2022-04-02 20:41:10,clear sky
178,Gradignan,44.7726,-0.6139,43.34,62,75,14.97,FR,2022-04-02 20:41:11,broken clouds
179,Evensk,61.95,159.2333,17.74,80,99,9.46,RU,2022-04-02 20:41:11,overcast clouds
180,Sucua,-2.4667,-78.1667,77.74,69,40,9.22,EC,2022-04-02 20:41:11,moderate rain
181,Banda Aceh,5.5577,95.3222,79.2,81,100,3.74,ID,2022-04-02 20:41:12,overcast clouds
182,Carnarvon,-24.8667,113.6333,75.27,88,11,5.75,AU,2022-04-02 20:42:12,few clouds
183,Moron,-34.6534,-58.6198,71.96,50,0,8.1,AR,2022-04-02 20:42:13,clear sky
184,Kahului,20.8947,-156.47,80.62,69,40,26.46,US,2022-04-02 20:39:22,scattered clouds
185,Faanui,-16.4833,-151.75,81.9,75,69,9.64,PF,2022-04-02 20:40:26,broken clouds
186,San Ignacio,17.1561,-89.0714,96.94,44,40,0.0,BZ,2022-04-02 20:42:13,scattered clouds
187,Chimoio,-19.1164,33.4833,71.46,100,75,2.24,MZ,2022-04-02 20:40:58,broken clouds
188,Port Lincoln,-34.7333,135.8667,59.32,82,26,6.64,AU,2022-04-02 20:42:14,scattered clouds
189,Leningradskiy,69.3833,178.4167,-6.16,97,100,10.49,RU,2022-04-02 20:42:14,overcast clouds
190,Longyearbyen,78.2186,15.6401,1.24,71,20,9.22,SJ,2022-04-02 20:42:14,few clouds
191,Vila,42.0304,-8.1588,41.88,75,0,5.32,PT,2022-04-02 20:38:36,clear sky
192,Yar-Sale,66.8333,70.8333,-0.96,95,15,8.23,RU,2022-04-02 20:42:15,few clouds
193,Katsuura,35.1333,140.3,52.47,70,100,9.62,JP,2022-04-02 20:42:15,moderate rain
194,Meulaboh,4.1363,96.1285,77.47,85,97,1.61,ID,2022-04-02 20:42:15,overcast clouds
195,Naze,28.3667,129.4833,61.72,70,98,15.35,JP,2022-04-02 20:42:16,overcast clouds
196,Berdigestyakh,62.0989,126.6992,18.57,96,100,5.44,RU,2022-04-02 20:42:16,light snow
197,Serik,36.9169,31.0989,60.75,57,67,5.7,TR,2022-04-02 20:42:17,broken clouds
198,Salalah,17.0151,54.0924,78.89,89,0,2.3,OM,2022-04-02 20:42:17,clear sky
199,Taboga,46.2663,13.1092,44.47,80,100,5.39,IT,2022-04-02 20:42:17,overcast clouds
200,Mahebourg,-20.4081,57.7,75.49,94,75,11.5,MU,2022-04-02 20:42:18,light rain
201,Port Hardy,50.6996,-127.4199,44.78,87,100,5.75,CA,2022-04-02 20:42:18,light rain
202,Kovernino,57.1253,43.8142,31.41,97,100,11.56,RU,2022-04-02 20:42:18,overcast clouds
203,Toropets,56.4978,31.6353,28.2,84,100,11.12,RU,2022-04-02 20:42:19,overcast clouds
204,Muli,2.9167,73.5667,82.4,69,21,3.06,MV,2022-04-02 20:39:09,few clouds
205,Calvinia,-31.4707,19.776,61.02,57,4,10.83,ZA,2022-04-02 20:42:19,clear sky
206,Manaskent,42.7275,47.6785,43.97,93,3,4.47,RU,2022-04-02 20:42:20,clear sky
207,Coihaique,-45.5752,-72.0662,49.95,62,75,8.05,CL,2022-04-02 20:42:20,broken clouds
208,Umtata,-31.5889,28.7844,60.12,99,100,4.21,ZA,2022-04-02 20:42:20,light rain
209,Uddevalla,58.3478,11.9424,36.07,77,21,4.34,SE,2022-04-02 20:42:21,few clouds
210,Banjar,-8.19,114.9675,75.78,89,43,4.34,ID,2022-04-02 20:42:21,scattered clouds
211,Verkhnetulomskiy,68.6073,31.7962,14.13,95,100,3.62,RU,2022-04-02 20:42:21,overcast clouds
212,Sao Joao Da Barra,-21.6403,-41.0511,82.49,83,16,7.05,BR,2022-04-02 20:40:24,few clouds
213,Srivardhan,18.0333,73.0167,77.2,75,100,1.92,IN,2022-04-02 20:42:23,overcast clouds
214,Kazerun,29.6195,51.6541,68.09,24,21,2.3,IR,2022-04-02 20:42:23,few clouds
215,Luderitz,-26.6481,15.1594,60.62,80,0,13.49,NA,2022-04-02 20:42:24,clear sky
216,Erenhot,43.6475,111.9767,41.05,30,3,16.75,CN,2022-04-02 20:42:24,clear sky
217,Mayya,61.7333,130.2811,18.72,96,100,4.25,RU,2022-04-02 20:42:24,overcast clouds
218,La Palma,33.8464,-118.0467,70.9,69,100,4.0,US,2022-04-02 20:42:25,haze
219,Tabou,4.423,-7.3528,79.27,87,100,8.93,CI,2022-04-02 20:42:25,light rain
220,Dombarovskiy,50.7587,59.5386,35.47,100,100,8.72,RU,2022-04-02 20:42:25,overcast clouds
221,Cayenne,4.9333,-52.3333,80.1,1,75,1.01,GF,2022-04-02 20:42:25,light rain
222,Matara,5.9485,80.5353,75.78,89,19,2.95,LK,2022-04-02 20:42:26,few clouds
223,Novikovo,51.1537,37.8879,49.41,87,74,18.95,RU,2022-04-02 20:42:26,light rain
224,Saint-Pierre,-21.3393,55.4781,76.68,87,75,8.05,RE,2022-04-02 20:42:27,broken clouds
225,Huangnihe,43.5583,128.0239,32.58,53,24,4.21,CN,2022-04-02 20:42:27,few clouds
226,Vesyegonsk,58.664,37.2604,24.35,90,100,8.9,RU,2022-04-02 20:42:27,overcast clouds
227,Cabedelo,-6.9811,-34.8339,83.07,77,61,12.03,BR,2022-04-02 20:42:28,broken clouds
228,San Patricio,28.017,-97.5169,92.16,37,0,8.41,US,2022-04-02 20:42:28,clear sky
229,Provideniya,64.3833,-173.3,16.45,59,0,9.35,RU,2022-04-02 20:42:28,clear sky
230,Mayumba,-3.432,10.6554,77.65,90,100,7.23,GA,2022-04-02 20:43:30,overcast clouds
231,Ahipara,-35.1667,173.1667,67.86,75,100,2.66,NZ,2022-04-02 20:43:30,overcast clouds
232,Mangrol,21.1167,70.1167,76.55,82,0,9.69,IN,2022-04-02 20:43:30,clear sky
233,Maiduguri,11.8464,13.1603,87.98,7,97,9.24,NG,2022-04-02 20:43:31,overcast clouds
234,Omboue,-1.5746,9.2618,74.07,94,91,4.74,GA,2022-04-02 20:43:31,overcast clouds
235,Roura,4.7263,-52.3274,79.97,94,75,0.0,GF,2022-04-02 20:43:32,moderate rain
236,Paramonga,-10.6667,-77.8333,72.45,76,87,10.11,PE,2022-04-02 20:43:32,overcast clouds
237,Cidreira,-30.1811,-50.2056,70.23,75,3,16.55,BR,2022-04-02 20:43:32,clear sky
238,Tessalit,20.1986,1.0114,88.29,10,0,9.53,ML,2022-04-02 20:43:33,clear sky
239,East London,-33.0153,27.9116,66.49,86,100,10.45,ZA,2022-04-02 20:43:33,light rain
240,Bandraboua,-12.7044,45.1223,80.28,73,10,4.54,YT,2022-04-02 20:43:33,clear sky
241,Port-Gentil,-0.7193,8.7815,80.04,76,92,4.68,GA,2022-04-02 20:43:34,overcast clouds
242,Gat,31.61,34.7642,71.4,40,100,1.28,IL,2022-04-02 20:43:34,overcast clouds
243,Abaza,52.655,90.0928,35.87,98,100,3.58,RU,2022-04-02 20:43:34,light rain
244,Omsukchan,62.5333,155.8,0.57,94,100,2.64,RU,2022-04-02 20:43:35,overcast clouds
245,Tongliao,43.6125,122.2653,40.42,34,82,11.14,CN,2022-04-02 20:39:12,broken clouds
246,Bathsheba,13.2167,-59.5167,83.01,61,75,26.46,BB,2022-04-02 20:43:35,broken clouds
247,Fuyu,45.1833,124.8167,41.41,36,86,14.09,CN,2022-04-02 20:43:35,overcast clouds
248,Sabzevar,36.2126,57.6819,60.08,21,0,11.5,IR,2022-04-02 20:43:36,clear sky
249,Atasu,48.6814,71.6433,25.93,79,9,4.05,KZ,2022-04-02 20:43:36,clear sky
250,Fengrun,39.8333,118.1167,44.87,43,1,3.8,CN,2022-04-02 20:43:36,clear sky
251,Port Keats,-14.25,129.55,77.45,64,14,1.01,AU,2022-04-02 20:43:37,few clouds
252,Zhanaozen,43.3,52.8,61.41,32,0,16.26,KZ,2022-04-02 20:43:37,clear sky
253,Kathmandu,27.7167,85.3167,66.42,88,75,3.44,NP,2022-04-02 20:39:05,mist
254,Flinders,-34.5833,150.8552,64.18,75,88,8.99,AU,2022-04-02 20:43:37,overcast clouds
255,Micheweni,-4.9667,39.8333,81.5,77,62,6.67,TZ,2022-04-02 20:43:38,broken clouds
256,Reconquista,-29.15,-59.65,69.15,61,81,5.82,AR,2022-04-02 20:43:38,broken clouds
257,Port-Cartier,50.0334,-66.8654,39.74,75,65,19.69,CA,2022-04-02 20:43:38,broken clouds
258,Strezhevoy,60.7333,77.5889,12.34,96,95,4.16,RU,2022-04-02 20:43:39,overcast clouds
259,Mitu,1.1983,-70.1733,77.22,93,66,3.38,CO,2022-04-02 20:43:39,broken clouds
260,Manta,-0.95,-80.7333,82.18,78,40,10.36,EC,2022-04-02 20:43:39,scattered clouds
261,Ilulissat,69.2167,-51.1,33.82,60,20,3.44,GL,2022-04-02 20:43:40,few clouds
262,Gobabis,-22.45,18.9667,67.66,70,14,8.97,NA,2022-04-02 20:43:40,light rain
263,Saskylakh,71.9167,114.0833,0.61,97,98,8.86,RU,2022-04-02 20:39:06,overcast clouds
264,Bangassou,4.7413,22.8184,74.1,83,99,5.12,CF,2022-04-02 20:43:40,overcast clouds
265,Porto Velho,-8.7619,-63.9039,75.25,73,100,2.3,BR,2022-04-02 20:43:41,overcast clouds
266,Sorland,67.667,12.6934,34.0,54,100,23.49,NO,2022-04-02 20:43:41,light snow
267,Kankaanpaa,61.8,22.4167,32.76,97,98,4.32,FI,2022-04-02 20:43:41,light snow
268,Airai,-8.9266,125.4092,56.43,69,46,1.74,TL,2022-04-02 20:43:42,scattered clouds
269,Ust-Uda,54.1742,103.0304,31.28,80,100,10.56,RU,2022-04-02 20:43:42,overcast clouds
270,Kerema,-7.9631,145.7785,76.69,83,100,3.69,PG,2022-04-02 20:43:42,overcast clouds
271,Guarapari,-20.6667,-40.4975,81.9,86,29,7.34,BR,2022-04-02 20:43:43,scattered clouds
272,Dandong,40.1292,124.3947,38.48,64,0,2.57,CN,2022-04-02 20:39:12,clear sky
273,Imphal,24.8167,93.95,64.27,84,4,2.15,IN,2022-04-02 20:43:43,clear sky
274,Hobyo,5.3505,48.5268,81.45,73,42,10.78,SO,2022-04-02 20:43:43,scattered clouds
275,Ariquemes,-9.9133,-63.0408,78.51,82,92,1.21,BR,2022-04-02 20:43:45,overcast clouds
276,La Paz,-16.5,-68.15,55.38,66,75,13.8,BO,2022-04-02 20:42:11,broken clouds
277,Bandarbeyla,9.4942,50.8122,78.66,81,68,4.18,SO,2022-04-02 20:44:45,broken clouds
278,Ust-Barguzin,53.45,108.9833,32.86,86,100,5.1,RU,2022-04-02 20:44:46,overcast clouds
279,Dimitrovgrad,54.2139,49.6184,45.28,87,100,11.07,RU,2022-04-02 20:44:46,overcast clouds
280,Buala,-8.145,159.5921,80.58,83,98,6.96,SB,2022-04-02 20:44:10,light rain
281,Singaraja,-8.112,115.0882,78.26,81,63,3.31,ID,2022-04-02 20:44:46,broken clouds
282,Wadi Maliz,36.4681,8.5495,51.46,63,8,10.07,TN,2022-04-02 20:44:47,clear sky
283,Tamandare,-8.7597,-35.1047,79.21,76,15,6.55,BR,2022-04-02 20:44:47,few clouds
284,Saint-Leu,-21.15,55.2833,76.06,91,100,9.71,RE,2022-04-02 20:44:47,heavy intensity rain
285,Clovis,36.8252,-119.7029,79.03,42,75,4.61,US,2022-04-02 20:44:22,broken clouds
286,Todos Santos,23.45,-110.2167,65.44,73,49,9.57,MX,2022-04-02 20:44:48,scattered clouds
287,Sobolevo,54.4299,31.8996,29.68,96,100,16.33,RU,2022-04-02 20:44:48,light snow
288,Umm Lajj,25.0213,37.2685,82.45,31,5,2.59,SA,2022-04-02 20:44:49,clear sky
289,Haapsalu,58.9431,23.5414,30.02,71,0,5.84,EE,2022-04-02 20:44:49,clear sky
290,Bintulu,3.1667,113.0333,77.41,94,40,5.99,MY,2022-04-02 20:44:49,scattered clouds
291,Saint Anthony,45.0205,-93.218,52.34,45,20,20.71,US,2022-04-02 20:44:50,few clouds
292,Methoni,36.8197,21.7049,53.46,85,55,9.46,GR,2022-04-02 20:44:09,broken clouds
293,Broome,42.2506,-75.833,49.6,47,0,7.0,US,2022-04-02 20:44:50,clear sky
294,Dillon,34.4166,-79.3712,70.95,41,56,7.18,US,2022-04-02 20:44:51,broken clouds
295,Dikson,73.5069,80.5464,-7.98,100,85,7.63,RU,2022-04-02 20:44:51,overcast clouds
296,Keetmanshoop,-26.5833,18.1333,70.72,32,0,11.5,NA,2022-04-02 20:44:51,clear sky
297,Lompoc,34.6391,-120.4579,72.79,79,100,9.22,US,2022-04-02 20:44:52,overcast clouds
298,Eagle Pass,28.7091,-100.4995,89.28,52,20,0.0,US,2022-04-02 20:40:22,few clouds
299,Vaitape,-16.5167,-151.75,81.93,75,68,9.8,PF,2022-04-02 20:44:52,broken clouds
300,Ossora,59.2353,163.0719,23.52,94,100,12.35,RU,2022-04-02 20:44:52,light snow
301,Zambezi,-13.5432,23.1047,66.49,88,58,4.79,ZM,2022-04-02 20:44:53,broken clouds
302,Honningsvag,70.9821,25.9704,28.15,93,100,14.97,NO,2022-04-02 20:44:53,overcast clouds
303,Los Llanos De Aridane,28.6585,-17.9182,62.35,92,100,4.0,ES,2022-04-02 20:44:53,overcast clouds
304,Bilma,18.6853,12.9164,85.44,5,99,6.55,NE,2022-04-02 20:44:54,overcast clouds
305,Rossano,39.5751,16.6349,43.14,75,46,17.34,IT,2022-04-02 20:44:54,scattered clouds
306,Gilgit,35.9221,74.3087,57.69,53,99,1.32,PK,2022-04-02 20:44:54,overcast clouds
307,Franklin,39.9667,-83.0166,52.81,46,100,5.75,US,2022-04-02 20:44:56,overcast clouds
308,Anito,12.4497,125.2886,77.94,80,93,9.35,PH,2022-04-02 20:44:56,overcast clouds
309,Novovoronezh,51.3072,39.2173,52.5,80,57,17.09,RU,2022-04-02 20:44:56,broken clouds
310,Kangaatsiaq,68.3065,-53.4641,23.31,93,83,6.51,GL,2022-04-02 20:44:57,broken clouds
311,Kot Addu,30.4692,70.9671,81.91,7,0,11.27,PK,2022-04-02 20:44:57,clear sky
312,Newport,51.5877,-2.9984,41.25,72,41,6.06,GB,2022-04-02 20:44:57,scattered clouds
313,Mirpur Sakro,24.5474,67.6277,77.86,58,0,12.37,PK,2022-04-02 20:44:58,clear sky
314,Cherskiy,68.75,161.3,-7.6,96,88,0.43,RU,2022-04-02 20:42:45,overcast clouds
315,Samarai,-10.6167,150.6667,81.23,74,100,9.86,PG,2022-04-02 20:44:58,overcast clouds
316,Gouyave,12.1646,-61.7296,83.17,61,20,19.57,GD,2022-04-02 20:44:59,few clouds
317,Praia,14.9215,-23.5087,70.34,73,20,19.57,CV,2022-04-02 20:42:02,few clouds
318,Alyangula,-13.8483,136.4192,69.67,94,86,0.0,AU,2022-04-02 20:44:59,overcast clouds
319,Codajas,-3.8367,-62.0569,75.4,92,100,3.22,BR,2022-04-02 20:44:59,overcast clouds
320,Iqaluit,63.7506,-68.5145,26.33,86,100,3.44,CA,2022-04-02 20:45:00,overcast clouds
321,Ossipee,43.6854,-71.1167,49.17,31,8,7.0,US,2022-04-02 20:46:01,clear sky
322,Calabozo,8.9242,-67.4293,99.18,23,36,6.76,VE,2022-04-02 20:46:02,scattered clouds
323,Renfrew,55.872,-4.3925,42.53,72,49,5.75,GB,2022-04-02 20:46:02,scattered clouds
324,North Bend,43.4065,-124.2243,62.24,85,0,8.05,US,2022-04-02 20:46:02,clear sky
325,Ternovka,51.678,41.6375,53.37,70,2,16.46,RU,2022-04-02 20:46:03,clear sky
326,Te Anau,-45.4167,167.7167,52.05,72,35,0.85,NZ,2022-04-02 20:46:03,scattered clouds
327,Olinda,-8.0089,-34.8553,83.93,70,20,9.22,BR,2022-04-02 20:46:03,few clouds
328,Moree,-29.4667,149.85,55.42,82,93,6.91,AU,2022-04-02 20:46:04,overcast clouds
329,Neuquen,-38.9516,-68.0591,82.29,23,0,9.22,AR,2022-04-02 20:46:04,clear sky
330,Abu Samrah,35.3029,37.1841,64.98,36,3,7.18,SY,2022-04-02 20:46:05,clear sky
331,Balkhash,46.844,74.9804,39.36,67,5,8.68,KZ,2022-04-02 20:46:05,clear sky
332,Sitka,57.0531,-135.33,46.29,53,100,20.71,US,2022-04-02 20:46:05,overcast clouds
333,Kiboga,0.9161,31.7742,63.68,93,100,3.83,UG,2022-04-02 20:46:06,light rain
334,El Paso,31.8001,-106.2005,79.09,12,0,10.36,US,2022-04-02 20:45:07,clear sky
335,Tarnos,43.5417,-1.4628,45.55,57,0,2.3,FR,2022-04-02 20:46:06,clear sky
336,Sebeta,8.9167,38.6167,60.17,60,90,6.08,ET,2022-04-02 20:46:06,overcast clouds
337,Torbay,47.6666,-52.7314,39.38,91,100,24.16,CA,2022-04-02 20:45:25,light intensity drizzle
338,Aklavik,68.2191,-135.0107,-7.6,59,0,3.44,CA,2022-04-02 20:46:07,clear sky
339,Kayerkan,69.3497,87.7602,3.52,84,99,5.26,RU,2022-04-02 20:46:07,overcast clouds
340,Agutaya,11.148,120.9417,81.5,77,100,24.52,PH,2022-04-02 20:46:08,overcast clouds
341,Truro,50.2653,-5.0544,41.76,87,40,4.61,GB,2022-04-02 20:46:08,scattered clouds
342,Thunder Bay,48.4001,-89.3168,42.78,70,75,6.91,CA,2022-04-02 20:44:21,broken clouds
343,Estelle,29.8458,-90.1067,75.99,47,75,5.99,US,2022-04-02 20:46:08,broken clouds
344,Goure,13.9835,10.2704,83.82,6,95,9.13,NE,2022-04-02 20:46:09,overcast clouds
345,Boyolangu,-8.1181,111.8935,74.73,91,97,1.16,ID,2022-04-02 20:46:09,overcast clouds
346,Lagoa,39.05,-27.9833,59.13,70,38,14.9,PT,2022-04-02 20:46:10,scattered clouds
347,Khandyga,62.6667,135.6,-5.8,93,67,3.44,RU,2022-04-02 20:46:10,broken clouds
348,Nikolayevka,53.1257,47.2041,51.85,74,100,20.29,RU,2022-04-02 20:46:10,light rain
349,Kuytun,54.3419,101.5036,27.68,82,100,10.92,RU,2022-04-02 20:46:11,overcast clouds
350,Osorno,-40.5667,-73.15,57.51,82,100,5.75,CL,2022-04-02 20:46:11,overcast clouds
351,Pangnirtung,66.1451,-65.7125,22.01,96,91,2.91,CA,2022-04-02 20:46:11,overcast clouds
352,Broken Hill,-31.95,141.4333,49.71,66,15,0.0,AU,2022-04-02 20:46:12,few clouds
353,Marawi,7.9986,124.2928,68.86,95,100,1.39,PH,2022-04-02 20:46:12,overcast clouds
354,Jacareacanga,-6.2222,-57.7528,76.41,96,99,0.4,BR,2022-04-02 20:46:12,overcast clouds
355,Vostok,46.4856,135.8833,20.21,85,13,6.93,RU,2022-04-02 20:46:13,few clouds
356,Terney,45.0503,136.6092,34.14,61,7,6.73,RU,2022-04-02 20:46:13,clear sky
357,Santa Cruz Cabralia,-16.2781,-39.0247,82.63,74,40,8.05,BR,2022-04-02 20:46:14,scattered clouds
358,Mugur-Aksy,50.35,90.5,21.45,63,90,8.01,RU,2022-04-02 20:46:14,overcast clouds
359,Kuah,6.3265,99.8432,78.78,94,20,0.0,MY,2022-04-02 20:46:14,few clouds
360,Mayo,38.8876,-76.5119,59.77,47,0,8.05,US,2022-04-02 20:43:21,clear sky
361,Salisbury,51.0693,-1.7957,39.49,72,83,6.91,GB,2022-04-02 20:43:38,broken clouds
362,Hasaki,35.7333,140.8333,43.2,64,100,10.36,JP,2022-04-02 20:46:15,overcast clouds
363,Inyonga,-6.7167,32.0667,66.67,86,90,4.52,TZ,2022-04-02 20:46:15,overcast clouds
364,Umm Kaddadah,13.6017,26.6876,80.85,14,23,12.01,SD,2022-04-02 20:46:15,few clouds
365,Namibe,-15.1961,12.1522,71.22,83,100,3.53,AO,2022-04-02 20:46:17,overcast clouds
366,Nizwa,22.9333,57.5333,77.47,26,24,3.96,OM,2022-04-02 20:46:17,few clouds
367,Englewood,39.6478,-104.9878,69.22,26,75,8.05,US,2022-04-02 20:45:14,broken clouds
368,Codrington,-38.2667,141.9667,57.16,83,62,4.81,AU,2022-04-02 20:47:18,broken clouds
369,Sinnamary,5.3833,-52.95,78.46,86,87,14.05,GF,2022-04-02 20:47:18,light rain
370,Mpika,-11.8343,31.4529,63.43,96,99,3.53,ZM,2022-04-02 20:47:18,overcast clouds
371,Yashkul,46.1711,45.3435,59.94,62,86,9.95,RU,2022-04-02 20:47:19,overcast clouds
372,Ambon,-3.6954,128.1814,78.94,83,40,4.61,ID,2022-04-02 20:47:19,scattered clouds
373,Saint John,45.2727,-66.0677,44.6,54,75,20.71,CA,2022-04-02 20:43:26,broken clouds
374,Karratha,-20.7377,116.8463,80.24,80,0,6.73,AU,2022-04-02 20:47:19,clear sky
375,Chapais,49.7834,-74.8492,35.38,88,100,7.02,CA,2022-04-02 20:47:20,overcast clouds
376,Kutum,14.2,24.6667,76.19,12,48,8.81,SD,2022-04-02 20:47:20,scattered clouds
377,Mopipi,-21.1833,24.8833,78.67,37,1,4.88,BW,2022-04-02 20:47:20,clear sky
378,Khapa,21.4333,78.9667,84.15,15,10,4.68,IN,2022-04-02 20:47:21,clear sky
379,San Cristobal,7.7669,-72.225,80.78,47,27,4.88,VE,2022-04-02 20:47:21,scattered clouds
380,Dunedin,-45.8742,170.5036,55.2,77,23,5.14,NZ,2022-04-02 20:47:21,few clouds
381,Inuvik,68.3499,-133.7218,-8.54,64,20,8.05,CA,2022-04-02 20:47:23,few clouds
382,Kumbo,6.2,10.6667,67.19,50,65,5.19,CM,2022-04-02 20:47:23,broken clouds
383,Poum,-20.2333,164.0167,81.61,81,100,5.93,NC,2022-04-02 20:47:23,overcast clouds
384,Hamilton,39.1834,-84.5333,52.25,52,100,8.05,US,2022-04-02 20:47:24,overcast clouds
385,Tecoanapa,16.5167,-98.75,85.42,44,97,11.86,MX,2022-04-02 20:47:24,overcast clouds
386,Stornoway,58.2093,-6.3865,39.92,82,75,3.44,GB,2022-04-02 20:47:24,broken clouds
387,Sechura,-5.5569,-80.8222,81.01,60,60,16.08,PE,2022-04-02 20:47:25,broken clouds
388,Noumea,-22.2763,166.4572,82.0,99,74,12.15,NC,2022-04-02 20:47:25,broken clouds
389,Turukhansk,65.8167,87.9833,-3.55,100,90,2.39,RU,2022-04-02 20:47:25,overcast clouds
390,Natal,-5.795,-35.2094,84.42,74,20,13.8,BR,2022-04-02 20:47:26,few clouds
391,Itupiranga,-5.1347,-49.3267,89.92,94,41,3.74,BR,2022-04-02 20:47:26,scattered clouds
392,Tairua,-37.0167,175.85,66.06,82,100,1.9,NZ,2022-04-02 20:47:26,overcast clouds
393,Igarka,67.4667,86.5833,-7.87,100,100,2.62,RU,2022-04-02 20:47:27,overcast clouds
394,Port Lavaca,28.615,-96.6261,90.14,50,0,5.75,US,2022-04-02 20:47:27,clear sky
395,Dukat,62.55,155.55,-0.81,94,100,1.95,RU,2022-04-02 20:47:27,overcast clouds
396,Wattegama,6.7989,81.4808,73.89,93,72,2.93,LK,2022-04-02 20:47:28,broken clouds
397,Husavik,66.0449,-17.3389,36.14,92,100,4.54,IS,2022-04-02 20:47:28,overcast clouds
398,Ulety,51.3572,112.4849,31.33,70,69,5.91,RU,2022-04-02 20:47:29,broken clouds
399,Ugoofaaru,5.6667,73.0,82.47,71,4,2.3,MV,2022-04-02 20:47:29,clear sky
400,Horta,38.5333,-28.6333,60.44,67,40,13.8,PT,2022-04-02 20:46:16,scattered clouds
401,Batagay-Alyta,67.8006,130.4114,-8.07,96,92,5.12,RU,2022-04-02 20:47:29,overcast clouds
402,Clyde,41.3042,-82.9752,49.17,44,100,10.2,US,2022-04-02 20:47:30,overcast clouds
403,Rantepao,-2.9701,119.8978,64.22,95,92,3.47,ID,2022-04-02 20:47:30,overcast clouds
404,Sidi Ali,36.0998,0.4206,48.2,53,98,8.79,DZ,2022-04-02 20:47:31,overcast clouds
405,Lima,-12.0432,-77.0282,70.05,64,0,11.5,PE,2022-04-02 20:43:11,clear sky
406,Gubskaya,44.3164,40.6358,52.74,76,92,2.57,RU,2022-04-02 20:47:31,overcast clouds
407,Yabrud,33.9674,36.6574,60.26,29,100,1.92,SY,2022-04-02 20:47:31,overcast clouds
408,Rodeo,38.033,-122.2669,81.1,47,0,10.36,US,2022-04-02 20:47:32,clear sky
409,Bairiki,1.3292,172.9752,80.6,89,40,9.22,KI,2022-04-02 20:47:32,light intensity shower rain
410,Le Mars,42.7942,-96.1656,58.57,30,40,11.5,US,2022-04-02 20:47:32,scattered clouds
411,Buarcos,40.166,-8.8768,52.14,66,89,11.25,PT,2022-04-02 20:47:33,overcast clouds
412,Kostino,58.9097,53.2691,25.34,93,100,8.3,RU,2022-04-02 20:48:33,overcast clouds
413,Moose Factory,51.2585,-80.6094,39.2,52,0,8.05,CA,2022-04-02 20:48:33,clear sky
414,Niquelandia,-14.4739,-48.4597,78.71,54,10,4.68,BR,2022-04-02 20:48:33,clear sky
415,Arlit,18.7369,7.3853,90.68,3,100,9.35,NE,2022-04-02 20:48:34,overcast clouds
416,Midland,31.9974,-102.0779,82.06,15,0,7.0,US,2022-04-02 20:44:07,clear sky
417,Tezu,27.9167,96.1667,69.03,86,94,3.36,IN,2022-04-02 20:48:34,overcast clouds
418,Dhari,21.3333,71.0167,76.64,61,0,8.46,IN,2022-04-02 20:48:35,clear sky
419,Mattawa,46.7379,-119.9028,59.61,29,13,25.99,US,2022-04-02 20:48:35,few clouds
420,Bay Roberts,47.5999,-53.2648,40.14,92,100,11.01,CA,2022-04-02 20:48:35,overcast clouds
421,Arraial Do Cabo,-22.9661,-42.0278,76.96,88,75,10.36,BR,2022-04-02 20:48:36,broken clouds
422,Bereda,43.2686,-7.5406,40.57,83,4,4.72,ES,2022-04-02 20:48:36,clear sky
423,Naryan-Mar,67.6713,53.087,-0.71,100,70,6.62,RU,2022-04-02 20:48:36,broken clouds
424,Pakxan,18.3778,103.6601,60.64,75,20,7.67,LA,2022-04-02 20:48:37,few clouds
425,Riyadh,24.6877,46.7219,77.14,13,59,1.74,SA,2022-04-02 20:45:05,broken clouds
426,Kashi,39.4547,75.9797,58.21,35,100,4.47,CN,2022-04-02 20:48:37,overcast clouds
427,Ouango,4.3133,22.5552,75.13,83,95,5.57,CF,2022-04-02 20:48:37,overcast clouds
428,Lorengau,-2.0226,147.2712,78.98,84,100,5.41,PG,2022-04-02 20:48:38,light rain
429,Porosozero,62.7191,32.727,10.56,96,67,2.59,RU,2022-04-02 20:48:39,broken clouds
430,Zhangjiakou,40.81,114.8794,41.49,33,100,0.98,CN,2022-04-02 20:48:39,overcast clouds
431,Tocantins,-10.5,-48.0,84.49,87,19,2.62,BR,2022-04-02 20:48:40,few clouds
432,Whitefish,48.4111,-114.3376,44.42,93,100,18.41,US,2022-04-02 20:48:40,overcast clouds
433,May Pen,17.9645,-77.2451,83.41,63,81,9.66,JM,2022-04-02 20:48:40,broken clouds
434,Berlevag,70.8578,29.0864,21.0,89,100,19.19,NO,2022-04-02 20:48:41,light snow
435,Vila Velha,-20.3297,-40.2925,84.15,81,20,12.66,BR,2022-04-02 20:48:41,few clouds
436,Kaitangata,-46.2817,169.8464,54.41,78,27,8.05,NZ,2022-04-02 20:48:41,scattered clouds
437,Yelizovo,53.1873,158.3805,28.54,46,75,13.42,RU,2022-04-02 20:44:59,broken clouds
438,Sept-Iles,50.2001,-66.3821,40.05,60,75,16.11,CA,2022-04-02 20:48:42,broken clouds
439,Mahbubabad,17.6167,80.0167,79.72,57,21,8.21,IN,2022-04-02 20:48:42,few clouds
440,Murakami,38.2333,139.4833,36.63,76,12,3.51,JP,2022-04-02 20:48:43,few clouds
441,Moyale,3.5167,39.0584,73.67,52,88,13.29,KE,2022-04-02 20:48:43,overcast clouds
442,Ambilobe,-13.2,49.05,72.77,95,2,1.54,MG,2022-04-02 20:48:43,clear sky
443,Ballina,-28.8667,153.5667,67.01,99,75,0.0,AU,2022-04-02 20:48:44,broken clouds
444,Rio Grande,-32.035,-52.0986,75.31,66,56,15.37,BR,2022-04-02 20:46:39,broken clouds
445,Yumen,40.2833,97.2,45.7,13,0,13.31,CN,2022-04-02 20:48:44,clear sky
446,Talnakh,69.4865,88.3972,4.21,97,100,5.1,RU,2022-04-02 20:48:45,overcast clouds
447,Guerrero Negro,27.9769,-114.0611,67.33,52,68,13.98,MX,2022-04-02 20:46:16,broken clouds
448,Manokwari,-0.8667,134.0833,78.98,81,100,6.13,ID,2022-04-02 20:48:45,overcast clouds
449,Camargo,27.6667,-105.1667,84.81,7,0,1.95,MX,2022-04-02 20:48:45,clear sky
450,Ponta Delgada,37.7333,-25.6667,59.72,72,20,9.22,PT,2022-04-02 20:48:46,few clouds
451,Kruszwica,52.6756,18.3313,30.76,100,99,13.69,PL,2022-04-02 20:48:46,overcast clouds
452,Rawson,-43.3002,-65.1023,79.5,24,19,15.61,AR,2022-04-02 20:48:46,few clouds
453,Wick,58.4333,-3.0833,37.45,87,75,5.75,GB,2022-04-02 20:48:47,broken clouds
454,Saint-Augustin,51.226,-58.6502,32.22,98,100,12.26,CA,2022-04-02 20:48:47,snow
455,Kampene,-3.6,26.6667,68.2,99,100,1.9,CD,2022-04-02 20:48:47,light rain
456,Uusikaupunki,60.8004,21.4084,32.34,76,98,11.45,FI,2022-04-02 20:49:48,light snow
457,Santa Rosalia,27.3167,-112.2833,73.49,41,44,5.91,MX,2022-04-02 20:45:16,scattered clouds
458,Sola,-13.8833,167.55,80.67,78,100,12.44,VU,2022-04-02 20:49:48,moderate rain
459,Tazovskiy,67.4667,78.7,-3.55,100,92,6.4,RU,2022-04-02 20:49:49,overcast clouds
460,Imbituba,-28.24,-48.6703,69.12,81,75,5.95,BR,2022-04-02 20:49:49,broken clouds
461,Sao Geraldo Do Araguaia,-6.4006,-48.555,78.28,89,63,1.92,BR,2022-04-02 20:49:49,moderate rain
462,Isangel,-19.55,169.2667,81.72,83,100,7.54,VU,2022-04-02 20:49:50,overcast clouds
463,Sabya,17.1495,42.6254,83.82,64,0,4.34,SA,2022-04-02 20:49:50,clear sky
464,Kologriv,58.8275,44.3178,28.58,96,100,11.63,RU,2022-04-02 20:49:50,snow
465,Aci Castello,37.5583,15.1346,50.34,64,0,8.05,IT,2022-04-02 20:49:51,clear sky
466,Tarko-Sale,64.9225,77.785,-5.4,100,92,5.66,RU,2022-04-02 20:49:51,overcast clouds
467,Paamiut,61.994,-49.6678,32.56,94,56,3.56,GL,2022-04-02 20:49:51,broken clouds
468,Lazo,43.3817,133.9014,29.77,91,3,2.84,RU,2022-04-02 20:45:24,clear sky
469,Hambantota,6.1241,81.1185,78.37,83,23,5.08,LK,2022-04-02 20:49:52,few clouds
470,Corning,42.1428,-77.0547,53.49,38,0,4.61,US,2022-04-02 20:47:56,clear sky
471,Boissevain,49.2306,-100.0559,35.64,55,43,7.31,CA,2022-04-02 20:49:52,scattered clouds
472,Krasnozerskoye,53.9828,79.2374,33.76,100,100,9.93,RU,2022-04-02 20:49:52,overcast clouds
473,Meadow Lake,34.8014,-106.5436,73.85,15,0,5.91,US,2022-04-02 20:49:53,clear sky
474,Ketchikan,55.3422,-131.6461,40.98,87,100,26.46,US,2022-04-02 20:49:53,light rain
475,Pochutla,15.7432,-96.4661,91.81,30,5,9.01,MX,2022-04-02 20:49:53,clear sky
476,Alekseyevka,50.6309,38.6903,52.18,85,63,16.73,RU,2022-04-02 20:49:54,broken clouds
477,Svarychiv,48.9622,24.1966,31.59,93,100,8.59,UA,2022-04-02 20:49:54,overcast clouds
478,Ures,29.4333,-110.4,87.71,10,0,12.17,MX,2022-04-02 20:49:54,clear sky
479,Conceicao Do Araguaia,-8.2578,-49.2647,77.54,90,51,3.51,BR,2022-04-02 20:49:55,broken clouds
480,Siocon,7.7061,122.1353,75.58,95,100,2.62,PH,2022-04-02 20:49:55,moderate rain
481,Belaya Gora,68.5333,146.4167,-4.59,97,100,2.68,RU,2022-04-02 20:49:55,overcast clouds
482,At-Bashi,41.1702,75.8106,32.23,63,100,2.24,KG,2022-04-02 20:49:56,overcast clouds
483,Portobelo,9.55,-79.65,87.96,76,26,9.57,PA,2022-04-02 20:49:56,scattered clouds
484,Ndago,-4.6,34.35,64.29,77,98,8.08,TZ,2022-04-02 20:49:56,overcast clouds
485,Chaah,2.249,103.048,74.37,96,90,0.45,MY,2022-04-02 20:49:57,overcast clouds
486,Kirakira,-10.4544,161.9205,78.64,88,100,4.63,SB,2022-04-02 20:49:57,light rain
487,Guozhen,34.3659,107.359,48.15,56,0,1.3,CN,2022-04-02 20:49:57,clear sky
488,Novi Iskar,42.8,23.35,46.83,70,20,3.44,BG,2022-04-02 20:49:59,few clouds
489,Matelandia,-25.2408,-53.9964,69.33,89,91,2.84,BR,2022-04-02 20:49:59,overcast clouds
490,Inhambane,-23.865,35.3833,76.46,78,3,8.41,MZ,2022-04-02 20:49:59,clear sky
491,Casa Nova,-9.4167,-41.1333,84.24,53,100,11.63,BR,2022-04-02 20:50:00,overcast clouds
492,Dongsheng,39.8161,109.9776,35.78,30,0,9.17,CN,2022-04-02 20:50:00,clear sky
493,Viedma,-40.8135,-62.9967,79.93,18,9,23.42,AR,2022-04-02 20:45:57,clear sky
494,Taltal,-25.4,-70.4833,66.27,67,23,3.67,CL,2022-04-02 20:45:27,few clouds
495,Clearlake,38.9582,-122.6264,75.72,19,96,5.93,US,2022-04-02 20:50:01,overcast clouds
496,Margate,51.3813,1.3862,40.69,59,7,5.99,GB,2022-04-02 20:50:01,clear sky
497,Mogadishu,2.0371,45.3438,81.59,80,83,15.95,SO,2022-04-02 20:49:29,broken clouds
498,Guiratinga,-16.3494,-53.7583,78.6,77,86,2.71,BR,2022-04-02 20:50:02,overcast clouds
499,Chino Valley,34.7575,-112.4538,74.68,21,0,7.0,US,2022-04-02 20:50:02,clear sky
500,Sokoni,-6.4333,39.55,82.26,76,9,11.27,TZ,2022-04-02 20:50:03,clear sky
501,The Valley,18.217,-63.0578,82.26,69,20,16.11,AI,2022-04-02 20:50:03,few clouds
502,Nanakuli,21.3906,-158.1547,80.55,60,75,9.22,US,2022-04-02 20:50:03,broken clouds
503,Palu,-0.8917,119.8707,74.5,91,100,2.37,ID,2022-04-02 20:51:05,overcast clouds
504,Saint-Ambroise,48.5501,-71.3324,36.57,75,73,10.33,CA,2022-04-02 20:51:05,broken clouds
505,Bhatkal,13.9667,74.5667,79.84,82,24,2.8,IN,2022-04-02 20:51:05,few clouds
506,Krasnoselkup,65.7,82.4667,-4.22,100,78,7.16,RU,2022-04-02 20:51:06,broken clouds
507,Nikki,9.9401,3.2108,87.93,22,81,3.91,BJ,2022-04-02 20:51:06,broken clouds
508,Tome,-36.6167,-72.95,61.41,95,100,7.2,CL,2022-04-02 20:48:56,overcast clouds
509,Salihorsk,52.7876,27.5415,32.02,98,100,14.2,BY,2022-04-02 20:51:06,light snow
510,Nishihara,26.1842,127.7558,63.68,86,100,8.05,JP,2022-04-02 20:51:07,overcast clouds
511,Bikapur,26.6,82.1333,76.28,12,0,6.13,IN,2022-04-02 20:51:07,clear sky
512,Bahir Dar,11.5936,37.3908,74.44,38,71,8.97,ET,2022-04-02 20:51:08,broken clouds
513,La Ronge,55.1001,-105.2842,32.25,43,20,8.05,CA,2022-04-02 20:51:08,few clouds
514,Preobrazheniye,42.9019,133.9064,34.84,90,0,6.31,RU,2022-04-02 20:51:08,clear sky
515,Semnan,35.5729,53.3971,64.24,20,0,2.3,IR,2022-04-02 20:47:11,clear sky
516,Teahupoo,-17.8333,-149.2667,80.56,78,95,12.41,PF,2022-04-02 20:51:09,overcast clouds
517,Nicoya,10.1483,-85.452,95.36,36,45,3.62,CR,2022-04-02 20:51:09,scattered clouds
518,Rundu,-17.9333,19.7667,72.95,58,100,2.68,NA,2022-04-02 20:51:09,overcast clouds
519,Son La,21.3167,103.9,51.58,90,29,1.66,VN,2022-04-02 20:51:10,scattered clouds
520,Koppang,61.5706,11.0555,23.67,88,100,3.36,NO,2022-04-02 20:51:10,overcast clouds
521,Sayat,38.7839,63.8803,57.07,21,1,7.7,TM,2022-04-02 20:51:10,clear sky
522,Urucara,-2.5364,-57.76,81.79,87,98,0.67,BR,2022-04-02 20:51:11,overcast clouds
523,Marquette,46.5333,-87.6335,39.36,72,100,3.91,US,2022-04-02 20:51:11,overcast clouds
524,San Vito Dei Normanni,40.6573,17.7072,50.04,71,84,9.91,IT,2022-04-02 20:51:12,broken clouds
525,Alice Springs,-23.7,133.8833,56.75,51,72,5.75,AU,2022-04-02 20:51:12,broken clouds
526,New Ulm,44.3125,-94.4605,50.56,50,40,26.46,US,2022-04-02 20:51:12,scattered clouds
527,Port Moresby,-9.4431,147.1797,72.82,100,20,3.44,PG,2022-04-02 20:51:13,few clouds
528,Ardmore,34.1743,-97.1436,75.85,35,0,8.05,US,2022-04-02 20:51:13,clear sky
529,Eyl,7.9803,49.8164,78.58,80,57,8.08,SO,2022-04-02 20:51:13,broken clouds
530,Poya,-21.35,165.15,80.4,84,99,3.2,NC,2022-04-02 20:51:14,overcast clouds
531,Nabire,-3.3667,135.4833,74.25,85,75,4.68,ID,2022-04-02 20:49:19,broken clouds
532,Manacapuru,-3.2997,-60.6206,76.23,94,100,5.03,BR,2022-04-02 20:51:14,moderate rain
533,Houma,29.5958,-90.7195,75.02,55,59,8.01,US,2022-04-02 20:51:15,broken clouds
534,Muyezerskiy,63.9333,31.65,22.66,85,100,9.55,RU,2022-04-02 20:51:15,light snow
535,Ust-Tarka,55.5672,75.705,31.1,98,100,9.66,RU,2022-04-02 20:51:16,light snow
536,Plaridel,14.8872,120.8572,77.11,74,97,4.52,PH,2022-04-02 20:51:16,overcast clouds
537,Verkhnyaya Inta,65.9811,60.3094,7.16,93,88,6.33,RU,2022-04-02 20:51:16,overcast clouds
538,Bud,39.447,-86.1758,56.68,47,60,16.87,US,2022-04-02 20:51:17,broken clouds
539,Oistins,13.0667,-59.5333,82.49,61,75,26.46,BB,2022-04-02 20:51:17,broken clouds
540,Davila,18.4726,120.5763,77.0,82,100,23.71,PH,2022-04-02 20:51:17,overcast clouds
541,San Jose,37.3394,-121.895,78.93,43,40,8.01,US,2022-04-02 20:50:05,scattered clouds
542,Hazorasp,41.3194,61.0742,57.04,25,100,10.85,UZ,2022-04-02 20:51:18,overcast clouds
543,Alihe,50.5667,123.7167,27.07,83,50,2.89,CN,2022-04-02 20:51:18,scattered clouds
544,Ljungby,56.8332,13.9408,24.98,71,10,6.76,SE,2022-04-02 20:51:19,clear sky
545,Burgeo,47.6167,-57.6152,32.85,98,100,25.32,CA,2022-04-02 20:51:19,snow
546,Penzance,50.1186,-5.5371,41.83,83,63,8.99,GB,2022-04-02 20:51:19,broken clouds
547,Amapa,1.0,-52.0,74.53,97,100,4.14,BR,2022-04-02 20:51:20,very heavy rain
548,Gladstone,-23.85,151.25,67.93,88,6,4.61,AU,2022-04-02 20:51:21,clear sky
549,Huarmey,-10.0681,-78.1522,74.12,72,100,10.51,PE,2022-04-02 20:52:22,overcast clouds
550,Saint-Paul,-21.0096,55.2707,77.11,89,100,3.38,RE,2022-04-02 20:52:23,moderate rain
551,Baykit,61.67,96.37,1.78,100,99,3.38,RU,2022-04-02 20:52:23,overcast clouds
552,Sardarshahr,28.4333,74.4833,81.48,5,0,9.57,IN,2022-04-02 20:52:23,clear sky
553,Morristown,36.214,-83.2949,61.9,38,40,11.5,US,2022-04-02 20:50:24,scattered clouds
554,Canto Do Buriti,-8.11,-42.9444,80.01,67,70,4.16,BR,2022-04-02 20:52:24,broken clouds
555,Sao Gabriel,-30.3364,-54.32,69.96,63,0,7.25,BR,2022-04-02 20:51:12,clear sky
556,Champerico,14.3,-91.9167,93.74,60,2,14.79,GT,2022-04-02 20:52:24,clear sky
557,Ust-Kuyga,70.0167,135.6,-16.38,98,52,1.19,RU,2022-04-02 20:52:25,broken clouds
558,Elko,41.0002,-115.5012,60.82,27,20,18.01,US,2022-04-02 20:50:26,few clouds
559,Kaka,37.3482,59.6143,64.44,26,2,11.39,TM,2022-04-02 20:52:25,clear sky
560,Itinga,-16.6131,-41.7653,85.03,39,12,10.02,BR,2022-04-02 20:52:26,few clouds
561,Sorong,-0.8833,131.25,79.16,83,100,5.86,ID,2022-04-02 20:52:26,overcast clouds
562,Kouroussa,10.65,-9.8833,90.36,32,88,9.08,GN,2022-04-02 20:52:26,overcast clouds
563,Elmira,42.0898,-76.8077,50.52,39,0,4.61,US,2022-04-02 20:52:26,clear sky
564,Belmonte,-15.8631,-38.8828,77.95,78,6,5.64,BR,2022-04-02 20:52:14,clear sky
565,Necochea,-38.5473,-58.7368,66.58,48,0,17.72,AR,2022-04-02 20:52:27,clear sky
566,Valleyview,55.0667,-117.2859,42.84,33,16,16.11,CA,2022-04-02 20:52:27,few clouds
567,Seddon,-37.8068,144.8916,59.99,88,100,6.91,AU,2022-04-02 20:52:28,overcast clouds
568,Pyaozerskiy,65.8333,31.1667,23.97,94,100,9.31,RU,2022-04-02 20:52:28,light snow
569,Kismayo,-0.3582,42.5454,80.85,76,43,12.15,SO,2022-04-02 20:52:28,scattered clouds
570,Kudat,6.8837,116.8477,77.29,94,20,0.0,MY,2022-04-02 20:52:29,few clouds
571,Jilib,0.4883,42.7854,79.84,77,72,8.19,SO,2022-04-02 20:52:29,broken clouds
572,Mpanda,-6.3655,31.0409,66.31,90,97,0.72,TZ,2022-04-02 20:52:29,overcast clouds
573,Sabang,5.8933,95.3214,81.09,75,100,4.68,ID,2022-04-02 20:50:12,light rain
574,Adrar,20.5022,-10.0711,82.54,12,18,9.89,MR,2022-04-02 20:52:30,few clouds
575,Zinder,13.8072,8.9881,86.05,6,100,9.8,NE,2022-04-02 20:52:30,overcast clouds
576,Pandamatenga,-18.5278,25.627,66.42,70,9,5.61,BW,2022-04-02 20:52:30,clear sky
577,Vestmanna,62.1564,-7.1664,41.92,87,100,13.8,FO,2022-04-02 20:52:31,overcast clouds
578,Chernyshevskiy,63.0128,112.4714,-13.05,100,100,3.2,RU,2022-04-02 20:52:31,overcast clouds
579,Simpang,-1.2667,104.0833,73.62,96,33,1.79,ID,2022-04-02 20:52:31,scattered clouds
580,Bagnols-Sur-Ceze,44.1599,4.6178,41.22,58,100,25.32,FR,2022-04-02 20:52:32,overcast clouds
581,Sungairaya,0.7,108.9,77.56,86,35,0.76,ID,2022-04-02 20:52:32,scattered clouds
582,Faya,18.3851,42.4509,64.51,20,0,5.48,SA,2022-04-02 20:52:33,clear sky
583,Labrea,-7.2586,-64.7981,69.33,98,100,2.21,BR,2022-04-02 20:52:33,overcast clouds
584,Pringsewu,-5.3582,104.9744,72.37,97,70,2.98,ID,2022-04-02 20:52:33,broken clouds
585,Llangefni,53.2556,-4.3106,40.73,81,5,6.91,GB,2022-04-02 20:52:34,clear sky
586,Ler,8.3018,30.1418,91.65,30,100,4.27,SS,2022-04-02 20:52:34,overcast clouds
587,Pyatnitskoye,50.4233,37.8273,50.88,90,90,16.11,RU,2022-04-02 20:52:34,light rain
588,West Bay,19.3667,-81.4167,86.07,66,20,9.22,KY,2022-04-02 20:52:35,few clouds
589,Chara,56.9064,118.2631,23.85,93,100,1.63,RU,2022-04-02 20:52:35,light snow
590,Ulaanbaatar,47.9077,106.8832,34.05,28,44,2.95,MN,2022-04-02 20:50:34,scattered clouds
591,Coquimbo,-29.9533,-71.3436,62.33,72,20,9.22,CL,2022-04-02 20:52:35,few clouds
592,Jos,9.9167,8.9,81.7,11,100,2.95,NG,2022-04-02 20:52:36,overcast clouds
593,Frome,51.2283,-2.3221,41.63,84,13,4.27,GB,2022-04-02 20:52:36,few clouds
594,Okha,53.5739,142.9478,14.88,94,57,5.39,RU,2022-04-02 20:53:38,broken clouds
595,Piacabucu,-10.4056,-36.4344,78.31,81,22,8.32,BR,2022-04-02 20:53:38,few clouds
596,Plattsburgh,44.6995,-73.4529,47.16,27,0,5.75,US,2022-04-02 20:51:34,clear sky
597,Alamor,-4.0181,-80.0197,67.68,89,96,2.8,EC,2022-04-02 20:53:38,moderate rain
598,Yankton,42.8711,-97.3973,61.12,26,20,17.27,US,2022-04-02 20:50:53,few clouds
599,Guiyang,26.5833,106.7167,39.69,93,0,2.24,CN,2022-04-02 20:53:39,clear sky
600,Contai,21.7786,87.7536,78.48,91,13,14.52,IN,2022-04-02 20:53:39,few clouds
601,Nantucket,41.2835,-70.0995,55.51,42,0,16.11,US,2022-04-02 20:50:16,clear sky
602,Leh,34.1667,77.5833,25.16,70,2,3.15,IN,2022-04-02 20:53:40,clear sky
603,Chifeng,42.2683,118.9636,39.99,32,37,6.78,CN,2022-04-02 20:53:40,scattered clouds
604,Vao,-22.6667,167.4833,79.07,87,87,18.9,NC,2022-04-02 20:53:40,overcast clouds
605,Beloha,-25.1667,45.05,71.2,66,0,3.58,MG,2022-04-02 20:53:41,clear sky
606,Udimskiy,61.1417,45.9144,17.62,94,100,6.13,RU,2022-04-02 20:53:41,overcast clouds
607,Koppal,15.35,76.15,80.17,61,11,8.03,IN,2022-04-02 20:53:41,few clouds
608,Igrejinha,-29.5744,-50.7903,75.67,81,51,2.66,BR,2022-04-02 20:53:42,broken clouds
609,Khani,41.9563,42.9566,58.57,82,23,8.52,GE,2022-04-02 20:53:42,few clouds
610,Dakar,14.6937,-17.4441,68.88,94,0,11.5,SN,2022-04-02 20:53:42,clear sky
611,Axim,4.8699,-2.2405,80.62,85,93,5.68,GH,2022-04-02 20:53:43,light rain
612,Ndele,8.4109,20.6473,85.64,19,57,0.83,CF,2022-04-02 20:53:43,broken clouds
613,Maragogi,-9.0122,-35.2225,79.09,77,12,6.4,BR,2022-04-02 20:53:43,few clouds
614,Blairmore,49.6,-114.4353,49.12,42,94,14.97,CA,2022-04-02 20:53:43,overcast clouds
615,Zhongshan,21.3226,110.5829,58.84,80,83,5.3,CN,2022-04-02 20:53:44,broken clouds
616,Villablino,42.9393,-6.3194,29.64,95,35,4.29,ES,2022-04-02 20:53:44,scattered clouds
617,Vondrozo,-22.8167,47.2833,62.91,98,7,3.09,MG,2022-04-02 20:53:44,clear sky
618,Shimoda,34.6667,138.95,45.1,81,100,10.13,JP,2022-04-02 20:53:45,light rain
619,Venice,27.0998,-82.4543,80.98,92,20,6.91,US,2022-04-02 20:53:45,mist
620,Morondava,-20.2833,44.2833,78.93,74,0,5.91,MG,2022-04-02 20:53:46,clear sky
621,Niamey,13.5137,2.1098,98.89,9,100,4.61,NE,2022-04-02 20:50:03,dust
622,Sungaipenuh,-2.0833,101.3833,61.84,84,95,2.15,ID,2022-04-02 20:53:46,moderate rain
623,Fenoarivo Atsinanana,-17.3667,49.4167,72.81,91,16,5.99,MG,2022-04-02 20:53:46,few clouds
624,Foca,38.6703,26.7566,62.47,78,0,20.49,TR,2022-04-02 20:53:47,clear sky
625,Antofagasta,-23.65,-70.4,67.28,70,1,6.98,CL,2022-04-02 20:50:04,clear sky
626,Killybegs,54.6333,-8.45,41.52,77,9,7.31,IE,2022-04-02 20:53:47,clear sky
627,Chicama,-7.8447,-79.1469,68.54,63,94,10.25,PE,2022-04-02 20:53:48,overcast clouds
628,Whitianga,-36.8333,175.7,66.4,83,100,2.21,NZ,2022-04-02 20:53:48,overcast clouds
629,Ola,59.5833,151.2833,14.63,77,100,5.26,RU,2022-04-02 20:53:48,overcast clouds
630,Batticaloa,7.7102,81.6924,78.35,84,77,8.59,LK,2022-04-02 20:53:48,broken clouds
631,Savannah Bight,16.45,-85.85,81.37,78,0,24.45,HN,2022-04-02 20:53:49,clear sky
632,Severnoye,56.3491,78.3619,27.48,98,100,5.84,RU,2022-04-02 20:53:49,snow
633,Roswell,34.0232,-84.3616,65.98,41,75,4.61,US,2022-04-02 20:53:21,broken clouds
634,Dicabisagan,17.0818,122.4157,76.39,81,96,4.18,PH,2022-04-02 20:53:50,light rain
635,Tomatlan,19.9333,-105.25,86.65,40,3,12.66,MX,2022-04-02 20:53:50,clear sky
636,Quatre Cocos,-20.2078,57.7625,75.31,87,100,15.93,MU,2022-04-02 20:53:50,moderate rain
637,Sigli,5.3848,95.9609,78.82,83,100,3.98,ID,2022-04-02 20:53:51,light rain
638,Voh,-20.9667,164.7,80.65,87,99,3.87,NC,2022-04-02 20:53:51,overcast clouds
639,Braco Do Norte,-28.275,-49.1656,71.56,89,76,1.63,BR,2022-04-02 20:53:51,broken clouds
640,Ostrovnoy,68.0531,39.5131,15.94,92,83,14.58,RU,2022-04-02 20:53:52,broken clouds
641,Kyaikkami,16.08,97.5675,77.76,69,69,8.16,MM,2022-04-02 20:54:52,moderate rain
642,Halifax,44.6453,-63.5724,41.22,69,100,10.36,CA,2022-04-02 20:54:00,overcast clouds
643,Nampula,-15.1165,39.2666,73.35,94,40,5.99,MZ,2022-04-02 20:54:52,scattered clouds
644,Yerbogachen,61.2767,108.0108,8.53,96,97,7.2,RU,2022-04-02 20:54:53,light snow
645,Fujin,47.26,132.0322,34.68,65,7,9.13,CN,2022-04-02 20:54:53,clear sky
646,Mandera,3.9366,41.867,88.61,31,85,10.65,KE,2022-04-02 20:54:53,overcast clouds
647,Tual,-5.6667,132.75,81.9,64,96,3.91,ID,2022-04-02 20:54:54,overcast clouds
648,Balakovo,52.0278,47.8007,52.32,83,100,16.69,RU,2022-04-02 20:54:54,light rain
649,Giyani,-23.3025,30.7187,73.35,61,0,4.16,ZA,2022-04-02 20:54:54,clear sky
650,Colquechaca,-18.6667,-66.0167,38.61,73,94,6.22,BO,2022-04-02 20:54:55,heavy intensity rain
651,Izhma,65.0083,53.9113,3.99,98,59,3.69,RU,2022-04-02 20:54:55,broken clouds
652,Bambanglipuro,-7.95,110.2833,75.97,87,79,1.88,ID,2022-04-02 20:54:55,broken clouds
653,Dumai,1.6833,101.45,73.76,97,66,3.29,ID,2022-04-02 20:54:56,moderate rain
654,Shasta Lake,40.6804,-122.3708,73.54,18,38,1.01,US,2022-04-02 20:54:56,scattered clouds
655,Urambo,-5.0667,32.05,67.55,77,64,4.59,TZ,2022-04-02 20:54:56,broken clouds
656,Progreso,21.2833,-89.6667,98.71,60,96,15.68,MX,2022-04-02 20:54:29,overcast clouds
657,Dunmore,41.4198,-75.6324,53.15,41,49,1.99,US,2022-04-02 20:54:58,scattered clouds
658,Gagino,55.2314,45.0339,38.07,100,100,6.6,RU,2022-04-02 20:54:58,overcast clouds
659,San Luis,-33.295,-66.3356,71.67,29,0,13.69,AR,2022-04-02 20:50:56,clear sky
660,Mislinja,46.4411,15.1956,32.29,93,100,1.54,SI,2022-04-02 20:54:59,light snow
661,Nagtipunan,16.2167,121.6,72.03,98,98,2.04,PH,2022-04-02 20:54:59,overcast clouds
662,Mount Isa,-20.7333,139.5,73.17,27,2,9.22,AU,2022-04-02 20:54:59,clear sky
663,Alappuzha,9.49,76.3264,79.93,83,33,4.14,IN,2022-04-02 20:55:00,scattered clouds
664,Deputatskiy,69.3,139.9,-18.94,100,100,2.15,RU,2022-04-02 20:55:00,overcast clouds
665,Daugavpils,55.8833,26.5333,27.39,78,95,9.95,LV,2022-04-02 20:55:00,overcast clouds
666,Mandalgovi,45.7625,106.2708,36.45,21,38,8.61,MN,2022-04-02 20:55:01,scattered clouds
667,Koygorodok,60.445,50.9968,24.21,85,100,7.74,RU,2022-04-02 20:55:01,overcast clouds
668,Clyde River,70.4692,-68.5914,14.23,85,100,9.22,CA,2022-04-02 20:55:01,fog
669,Prince George,53.9166,-122.753,48.25,41,0,8.05,CA,2022-04-02 20:51:30,clear sky
670,Saryg-Sep,51.5,95.6,23.2,96,100,1.97,RU,2022-04-02 20:55:02,overcast clouds
671,Babu,24.4167,111.5167,49.66,86,1,3.13,CN,2022-04-02 20:55:02,clear sky
672,Kirkenes,69.7271,30.0458,20.35,68,100,2.3,NO,2022-04-02 20:55:03,overcast clouds
673,Angoche,-16.2325,39.9086,78.1,76,0,3.94,MZ,2022-04-02 20:55:03,clear sky
674,Taperoa,-7.2075,-36.8267,79.05,61,57,12.3,BR,2022-04-02 20:55:03,broken clouds
675,Cervo,43.6702,-7.4101,48.96,69,11,7.83,ES,2022-04-02 20:55:04,few clouds
676,Jumla,29.2747,82.1838,46.85,69,0,4.14,NP,2022-04-02 20:55:04,clear sky
677,Mayuge,0.4597,33.4803,71.53,77,100,4.38,UG,2022-04-02 20:55:04,overcast clouds
678,Nago,26.5881,127.9761,61.65,79,100,7.85,JP,2022-04-02 20:55:05,overcast clouds
679,Malabo,3.75,8.7833,81.61,80,9,3.85,GQ,2022-04-02 20:55:05,clear sky
680,Bembereke,10.2283,2.6634,89.42,21,100,2.62,BJ,2022-04-02 20:55:05,overcast clouds
681,Gainesville,29.6516,-82.3248,63.91,88,75,8.05,US,2022-04-02 20:50:10,moderate rain
682,Kaeo,-35.1,173.7833,64.33,97,100,2.1,NZ,2022-04-02 20:55:06,overcast clouds
683,Toamasina,-18.1667,49.3833,73.4,88,20,6.91,MG,2022-04-02 20:55:06,few clouds
684,Qingdao,36.0986,120.3719,35.2,100,0,2.24,CN,2022-04-02 20:55:07,fog
685,Canutama,-6.5339,-64.3831,69.69,99,100,0.87,BR,2022-04-02 20:55:07,overcast clouds
686,Sayansk,54.1088,102.1648,29.12,80,100,11.41,RU,2022-04-02 20:51:40,light snow
687,Majene,-3.5403,118.9707,76.98,85,91,2.68,ID,2022-04-02 20:56:08,overcast clouds
688,Hay River,60.8156,-115.7999,3.16,71,75,9.22,CA,2022-04-02 20:51:44,broken clouds
689,Marzuq,14.4,46.4667,69.98,33,2,5.77,YE,2022-04-02 20:56:09,clear sky
690,Nioro,13.35,-15.75,79.72,39,6,11.65,GM,2022-04-02 20:56:09,clear sky
